pair,actual_x,actual_y,predicted_x,predicted_y,error,success,raw_score,edge_score,gradient_score,projection_score,combined_score,confidence,scale,angle,second_score,score_margin,uniqueness,candidate_count,recovery_used,consensus_support,consensus_score,ambiguous,weak_match,failure_class
pair_001,226,837,227,838,1.4142,1,0.700358,0.436383,0.15117,0.934135,0.584481,0.584481,0.98,1.0,0.453593,0.130888,0.223938,20,0,0,0.584481,0,0,SUCCESS
pair_002,580,178,580,178,0.0,1,0.826323,0.707443,0.172634,0.937401,0.694025,0.649843,0.985,-1.0,0.573284,0.076559,0.117811,20,1,8,0.661843,1,0,SUCCESS
pair_003,529,861,528,860,1.4142,1,0.735157,0.451968,0.142439,0.950034,0.602951,0.602951,1.06,-2.0,0.473459,0.129493,0.214765,20,0,0,0.602951,0,0,SUCCESS
pair_004,425,701,424,701,1.0,1,0.773407,0.428599,0.144029,0.953077,0.614503,0.614503,1.02,1.0,0.502711,0.111793,0.181924,20,0,0,0.614503,0,0,SUCCESS
pair_005,672,162,672,163,1.0,1,0.748344,0.479715,0.151893,0.975547,0.620769,0.620769,1.0,-2.0,0.527819,0.092949,0.149733,20,0,0,0.620769,0,0,SUCCESS
pair_006,93,706,93,707,1.0,1,0.717277,0.447544,0.146326,0.970189,0.599723,0.599723,1.0,-2.0,0.463884,0.135838,0.226502,20,0,0,0.599723,0,0,SUCCESS
pair_007,412,692,412,692,0.0,1,0.811643,0.656609,0.16826,0.962033,0.682037,0.682037,1.06,2.0,0.509451,0.172587,0.253046,20,0,0,0.682037,0,0,SUCCESS
pair_008,878,105,878,105,0.0,1,0.808383,0.69209,0.166614,0.946824,0.684459,0.684459,0.94,-1.0,0.490049,0.19441,0.284035,20,0,0,0.684459,0,0,SUCCESS
pair_009,535,34,535,34,0.0,1,0.851196,0.704991,0.16777,0.96313,0.707657,0.707657,1.04,1.0,0.510296,0.197361,0.278893,20,0,0,0.707657,0,0,SUCCESS
pair_010,796,575,796,576,1.0,1,0.738331,0.432723,0.141522,0.941888,0.598559,0.598559,0.96,-1.0,0.4917,0.10686,0.178528,20,0,0,0.598559,0,0,SUCCESS
pair_011,545,197,545,197,0.0,1,0.796053,0.630104,0.156917,0.960256,0.667876,0.619412,1.005,-1.5,0.470089,0.149323,0.241072,20,1,8,0.631412,0,1,SUCCESS
pair_012,810,661,810,661,0.0,1,0.750914,0.605984,0.170347,0.936227,0.642877,0.597337,1.045,-1.5,0.437878,0.159459,0.266949,20,1,8,0.609337,0,1,SUCCESS
pair_013,375,487,375,486,1.0,1,0.691371,0.484411,0.148114,0.936121,0.590278,0.590278,0.96,0.0,0.498483,0.091795,0.155511,20,0,0,0.590278,0,0,SUCCESS
pair_014,402,776,402,776,0.0,1,0.868472,0.735775,0.168295,0.962457,0.720694,0.720694,1.0,-1.0,0.498475,0.222219,0.30834,20,0,0,0.720694,0,0,SUCCESS
pair_015,616,47,616,47,0.0,1,0.765345,0.5606,0.16074,0.95242,0.64089,0.64089,0.94,-1.0,0.470925,0.169965,0.265201,20,0,0,0.64089,0,0,SUCCESS
pair_016,524,866,524,866,0.0,1,0.83693,0.66441,0.164523,0.969147,0.694388,0.694388,1.06,2.0,0.49574,0.198648,0.286076,20,0,0,0.694388,0,0,SUCCESS
pair_017,809,410,809,410,0.0,1,0.785076,0.558685,0.146963,0.957343,0.646629,0.646629,0.94,2.0,0.510012,0.136617,0.211275,20,0,0,0.646629,0,0,SUCCESS
pair_018,466,167,466,167,0.0,1,0.788215,0.62833,0.161095,0.948239,0.662819,0.615468,0.945,-1.0,0.576496,0.038971,0.06332,20,1,8,0.627468,1,0,SUCCESS
pair_019,193,841,193,841,0.0,1,0.786283,0.539167,0.141567,0.933586,0.637377,0.637377,0.92,1.0,0.574903,0.062474,0.098017,20,0,0,0.637377,0,0,SUCCESS
pair_020,764,317,764,316,1.0,1,0.74904,0.457581,0.141351,0.930053,0.605413,0.605413,1.08,0.0,0.4846,0.120813,0.199555,20,0,0,0.605413,0,0,SUCCESS
pair_021,880,12,880,12,0.0,1,0.720135,0.545925,0.146561,0.873595,0.60127,0.60127,0.98,0.0,0.427288,0.173983,0.289359,20,0,0,0.60127,0,0,SUCCESS
pair_022,545,164,544,164,1.0,1,0.743045,0.431129,0.134889,0.971898,0.604801,0.604801,1.02,-1.0,0.473118,0.131683,0.217729,20,0,0,0.604801,0,0,SUCCESS
pair_023,206,244,206,244,0.0,1,0.799291,0.516056,0.140994,0.966964,0.644519,0.644519,0.98,2.0,0.474911,0.169608,0.263155,20,0,0,0.644519,0,0,SUCCESS
pair_024,615,209,614,208,1.4142,1,0.708975,0.457983,0.147777,0.954442,0.59563,0.59563,1.06,-1.0,0.479335,0.116295,0.195247,20,0,0,0.59563,0,0,SUCCESS
pair_025,646,204,646,204,0.0,1,0.785362,0.642695,0.16525,0.922273,0.660188,0.660188,1.0,-1.0,0.464537,0.195652,0.296358,20,0,0,0.660188,0,0,SUCCESS
pair_026,622,830,622,830,0.0,1,0.817931,0.587686,0.147224,0.948152,0.663785,0.663785,1.04,1.0,0.48418,0.179604,0.270576,20,0,0,0.663785,0,0,SUCCESS
pair_027,388,190,387,190,1.0,1,0.701607,0.461553,0.144069,0.946295,0.591026,0.591026,1.02,1.0,0.534454,0.056572,0.095719,20,0,0,0.591026,0,0,SUCCESS
pair_028,139,367,139,367,0.0,1,0.765777,0.602885,0.157881,0.964265,0.651317,0.602853,1.035,2.0,0.45699,0.145863,0.241954,20,1,8,0.614853,0,1,SUCCESS
pair_029,367,24,367,24,0.0,1,0.7435,0.577362,0.164054,0.954745,0.636632,0.588791,1.055,-2.0,0.44489,0.143901,0.244401,20,1,8,0.600791,0,1,SUCCESS
pair_030,212,613,211,613,1.0,1,0.73005,0.401453,0.138936,0.942595,0.588616,0.588616,1.02,-1.0,0.491566,0.09705,0.164878,20,0,0,0.588616,0,0,SUCCESS
pair_031,396,435,396,435,0.0,1,0.847232,0.648267,0.161756,0.964385,0.693774,0.693774,0.96,-1.0,0.525719,0.168055,0.242233,20,0,0,0.693774,0,0,SUCCESS
pair_032,192,579,191,579,1.0,1,0.743426,0.477977,0.146892,0.974476,0.61724,0.61724,1.02,-2.0,0.497675,0.119564,0.193708,20,0,0,0.61724,0,0,SUCCESS
pair_033,499,534,499,535,1.0,1,0.711665,0.479605,0.150485,0.948394,0.600363,0.600363,1.02,-2.0,0.539669,0.060694,0.101095,20,0,0,0.600363,0,0,SUCCESS
pair_034,696,387,696,386,1.0,1,0.696794,0.459197,0.15264,0.959442,0.592973,0.592973,1.08,2.0,0.456165,0.136809,0.230716,20,0,0,0.592973,0,0,SUCCESS
pair_035,606,13,606,13,0.0,1,0.766832,0.638615,0.165075,0.944972,0.656465,0.61106,1.045,1.5,0.434207,0.176853,0.28942,20,1,8,0.62306,0,1,SUCCESS
pair_036,59,80,60,80,1.0,1,0.704207,0.48682,0.142366,0.951135,0.597747,0.597747,0.92,1.0,0.472649,0.125098,0.209282,20,0,0,0.597747,0,0,SUCCESS
pair_037,371,477,371,477,0.0,1,0.758801,0.617822,0.163463,0.94397,0.648571,0.648571,0.94,2.0,0.471311,0.17726,0.273308,20,0,0,0.648571,0,0,SUCCESS
pair_038,684,570,685,570,1.0,1,0.703091,0.459342,0.147167,0.954164,0.593371,0.593371,1.04,-2.0,0.485643,0.107728,0.181553,20,0,0,0.593371,0,0,SUCCESS
pair_039,794,687,795,687,1.0,1,0.677235,0.447164,0.149662,0.949316,0.580123,0.580123,0.94,2.0,0.480537,0.099585,0.171663,20,0,0,0.580123,0,0,SUCCESS
pair_040,183,352,184,352,1.0,1,0.719457,0.446612,0.151109,0.96451,0.600229,0.600229,1.02,2.0,0.504261,0.095968,0.159885,20,0,0,0.600229,0,0,SUCCESS
pair_041,418,142,418,142,0.0,1,0.779666,0.505452,0.142899,0.979326,0.637402,0.637402,0.98,-2.0,0.478787,0.158615,0.248847,20,0,0,0.637402,0,0,SUCCESS
pair_042,766,509,766,509,0.0,1,0.792975,0.539533,0.147867,0.950411,0.644752,0.644752,1.02,-1.0,0.509418,0.135334,0.2099,20,0,0,0.644752,0,0,SUCCESS
pair_043,646,174,646,173,1.0,1,0.663449,0.482956,0.152955,0.94591,0.581744,0.581744,1.06,2.0,0.462373,0.119371,0.205195,20,0,0,0.581744,0,0,SUCCESS
pair_044,565,395,566,396,1.4142,1,0.727175,0.490635,0.153426,0.966171,0.612916,0.612916,1.02,2.0,0.515607,0.097309,0.158765,20,0,0,0.612916,0,0,SUCCESS
pair_045,695,833,695,833,0.0,1,0.808545,0.58869,0.152226,0.912641,0.654129,0.605116,0.955,0.5,0.441673,0.163443,0.270102,20,1,8,0.617116,0,1,SUCCESS
pair_046,476,801,476,801,0.0,1,0.818729,0.66037,0.173174,0.913252,0.676851,0.676851,1.0,0.0,0.491515,0.185336,0.27382,20,0,0,0.676851,0,0,SUCCESS
pair_047,814,261,814,261,0.0,1,0.826008,0.629007,0.17006,0.95439,0.681095,0.681095,0.96,-1.0,0.505784,0.17531,0.257395,20,0,0,0.681095,0,0,SUCCESS
pair_048,409,605,409,605,0.0,1,0.775991,0.589218,0.161079,0.914359,0.643328,0.643328,1.06,0.0,0.492679,0.150649,0.234171,20,0,0,0.643328,0,0,SUCCESS
pair_049,165,845,165,845,0.0,1,0.80443,0.662055,0.165314,0.946029,0.676452,0.630297,1.005,0.0,0.476339,0.153958,0.244263,20,1,8,0.642297,0,1,SUCCESS
pair_050,387,681,387,681,0.0,1,0.805816,0.621132,0.166769,0.907251,0.661357,0.661357,1.06,0.0,0.488649,0.172707,0.261141,20,0,0,0.661357,0,0,SUCCESS
pair_051,477,743,477,743,0.0,1,0.803316,0.65755,0.167517,0.954673,0.677274,0.677274,0.96,-1.0,0.517593,0.159681,0.235771,20,0,0,0.677274,0,0,SUCCESS
pair_052,408,788,408,788,0.0,1,0.779788,0.615623,0.14864,0.913338,0.647436,0.600992,1.015,0.0,0.451863,0.149129,0.248138,20,1,8,0.612992,0,1,SUCCESS
pair_053,681,586,324,132,577.5509,0,0.739596,0.629566,0.191273,0.956706,0.651347,0.607574,1.0,0.0,0.606231,0.001343,0.002211,20,1,0,0.607574,1,0,CATASTROPHIC_WRONG_LOCATION|AMBIGUOUS|RECOVERY_USED
pair_054,234,210,234,211,1.0,1,0.798751,0.458237,0.140484,0.962336,0.631712,0.631712,0.98,-1.0,0.504657,0.127055,0.201128,20,0,0,0.631712,0,0,SUCCESS
pair_055,639,717,639,716,1.0,1,0.722389,0.461923,0.144309,0.936179,0.597438,0.597438,0.96,-1.0,0.507776,0.089662,0.150077,20,0,0,0.597438,0,0,SUCCESS
pair_056,417,287,417,287,0.0,1,0.755735,0.506565,0.145538,0.96825,0.626365,0.626365,1.02,1.0,0.534427,0.091938,0.14678,20,0,0,0.626365,0,0,SUCCESS
pair_057,200,502,363,496,163.1104,0,0.759753,0.703176,0.188651,0.969545,0.676176,0.634302,1.0,0.0,0.633742,0.00056,0.000883,20,1,0,0.634302,1,0,LARGE_WRONG_LOCATION|AMBIGUOUS|RECOVERY_USED
pair_058,506,717,506,717,0.0,1,0.792947,0.648877,0.159603,0.955077,0.66989,0.66989,1.02,1.0,0.496207,0.173683,0.259271,20,0,0,0.66989,0,0,SUCCESS
pair_059,329,330,330,330,1.0,1,0.764033,0.534087,0.148959,0.961506,0.634523,0.634523,1.06,1.0,0.498442,0.136081,0.214462,20,0,0,0.634523,0,0,SUCCESS
pair_060,261,328,261,329,1.0,1,0.779924,0.423435,0.137918,0.959021,0.616044,0.616044,1.06,-1.0,0.474693,0.141351,0.22945,20,0,0,0.616044,0,0,SUCCESS
pair_061,690,657,690,657,0.0,1,0.779624,0.493566,0.139952,0.944676,0.627488,0.627488,0.92,1.0,0.457134,0.170355,0.271486,20,0,0,0.627488,0,0,SUCCESS
pair_062,663,606,663,606,0.0,1,0.844335,0.695015,0.165043,0.96618,0.702982,0.702982,0.98,-1.0,0.457146,0.245835,0.349703,20,0,0,0.702982,0,0,SUCCESS
pair_063,120,749,299,112,661.6721,0,0.761985,0.647037,0.199736,0.953114,0.664771,0.621355,1.0,0.0,0.616135,0.00522,0.008401,20,1,0,0.621355,1,0,CATASTROPHIC_WRONG_LOCATION|AMBIGUOUS|RECOVERY_USED
pair_064,167,187,167,187,0.0,1,0.87899,0.621335,0.157591,0.973412,0.702063,0.64839,1.015,1.5,0.589604,0.058785,0.090664,20,1,8,0.66039,1,0,SUCCESS
pair_065,675,749,675,749,0.0,1,0.783377,0.684614,0.17123,0.925704,0.66966,0.626999,0.945,0.0,0.457071,0.169927,0.271017,20,1,8,0.638999,0,1,SUCCESS
pair_066,739,171,739,171,0.0,1,0.813627,0.586762,0.171108,0.919102,0.660845,0.612102,1.0,0.0,0.601589,0.010514,0.017176,20,1,0,0.612102,1,0,SUCCESS
pair_067,489,629,489,629,0.0,1,0.849702,0.659383,0.1617,0.961116,0.696321,0.696321,1.0,1.0,0.491845,0.204476,0.293652,20,0,0,0.696321,0,0,SUCCESS
pair_068,674,799,675,800,1.4142,1,0.762066,0.44254,0.142189,0.976192,0.617011,0.617011,0.94,2.0,0.517637,0.099374,0.161058,20,0,0,0.617011,0,0,SUCCESS
pair_069,573,194,573,194,0.0,1,0.687649,0.487972,0.143482,0.959147,0.59318,0.59318,0.94,-2.0,0.490577,0.102603,0.172971,20,0,0,0.59318,0,0,SUCCESS
pair_070,708,103,708,103,0.0,1,0.753377,0.552166,0.159679,0.938201,0.63136,0.63136,1.06,0.0,0.470709,0.160651,0.254453,20,0,0,0.63136,0,0,SUCCESS
pair_071,251,379,251,379,0.0,1,0.742104,0.420242,0.144328,0.918408,0.593437,0.593437,0.96,0.0,0.505895,0.087542,0.147517,20,0,0,0.593437,0,0,SUCCESS
pair_072,569,462,568,462,1.0,1,0.77119,0.443389,0.143148,0.967172,0.619218,0.619218,1.06,-2.0,0.48344,0.135778,0.219274,20,0,0,0.619218,0,0,SUCCESS
pair_073,837,421,837,421,0.0,1,0.756076,0.598471,0.160875,0.920068,0.638313,0.592474,1.005,0.0,0.448171,0.144303,0.243559,20,1,8,0.604474,0,1,SUCCESS
pair_074,239,894,239,894,0.0,1,0.791771,0.639442,0.16249,0.961867,0.669468,0.669468,0.94,-2.0,0.483498,0.18597,0.277787,20,0,0,0.669468,0,0,SUCCESS
pair_075,687,477,687,477,0.0,1,0.791114,0.636412,0.164459,0.96205,0.66903,0.621415,0.995,-1.5,0.448796,0.172619,0.277783,20,1,8,0.633415,0,1,SUCCESS
pair_076,8,147,8,147,0.0,1,0.77789,0.531344,0.148163,0.914476,0.629953,0.57931,1.015,0.5,0.415465,0.163845,0.282828,20,1,8,0.59131,0,1,SUCCESS
pair_077,601,21,601,21,0.0,1,0.793065,0.602301,0.166377,0.93861,0.658683,0.658683,1.06,-1.0,0.457823,0.20086,0.304942,20,0,0,0.658683,0,0,SUCCESS
pair_078,818,507,818,507,0.0,1,0.828135,0.551881,0.148657,0.950088,0.661379,0.661379,1.06,-1.0,0.511432,0.149947,0.226719,20,0,0,0.661379,0,0,SUCCESS
pair_079,194,257,195,258,1.4142,1,0.758519,0.453412,0.144589,0.958883,0.614785,0.614785,1.04,2.0,0.477177,0.137608,0.223831,20,0,0,0.614785,0,0,SUCCESS
pair_080,360,556,361,556,1.0,1,0.711707,0.453946,0.144215,0.968278,0.597971,0.597971,1.06,-2.0,0.475978,0.121993,0.204011,20,0,0,0.597971,0,0,SUCCESS
pair_081,575,832,576,832,1.0,1,0.70303,0.468724,0.145039,0.946152,0.593195,0.593195,0.92,1.0,0.48869,0.104505,0.176173,20,0,0,0.593195,0,0,SUCCESS
pair_082,658,525,658,525,0.0,1,0.778042,0.667477,0.166677,0.9529,0.668628,0.668628,0.92,-2.0,0.491764,0.176864,0.264517,20,0,0,0.668628,0,0,SUCCESS
pair_083,558,419,558,419,0.0,1,0.784744,0.632179,0.162936,0.951424,0.663205,0.663205,0.96,2.0,0.489493,0.173712,0.261928,20,0,0,0.663205,0,0,SUCCESS
pair_084,511,373,511,373,0.0,1,0.743662,0.692323,0.168469,0.93457,0.656537,0.656537,1.04,2.0,0.483136,0.173401,0.264115,20,0,0,0.656537,0,0,SUCCESS
pair_085,475,88,475,88,0.0,1,0.799596,0.675421,0.162072,0.922597,0.671856,0.671856,0.94,0.0,0.510411,0.161446,0.240298,20,0,0,0.671856,0,0,SUCCESS
pair_086,362,626,362,626,0.0,1,0.809382,0.605144,0.155255,0.921012,0.660035,0.660035,0.98,0.0,0.481628,0.178407,0.270299,20,0,0,0.660035,0,0,SUCCESS
pair_087,390,334,390,334,0.0,1,0.760204,0.644219,0.169676,0.928946,0.65265,0.608887,0.995,1.0,0.458919,0.149968,0.246299,20,1,8,0.620887,0,1,SUCCESS
pair_088,154,774,155,774,1.0,1,0.663716,0.475264,0.149996,0.92087,0.574713,0.526746,1.065,1.0,0.449731,0.077015,0.146209,20,1,8,0.538746,0,1,SUCCESS
pair_089,366,123,366,122,1.0,1,0.689946,0.490329,0.146332,0.951402,0.593591,0.593591,1.02,-1.0,0.487662,0.10593,0.178455,20,0,0,0.593591,0,0,SUCCESS
pair_090,218,182,218,182,0.0,1,0.8383,0.528944,0.142999,0.95414,0.660536,0.604512,1.035,-0.5,0.542065,0.062446,0.1033,20,1,8,0.616512,1,0,SUCCESS
pair_091,622,808,622,808,0.0,1,0.802369,0.661172,0.168188,0.949354,0.676691,0.630572,0.985,0.5,0.447608,0.182964,0.290156,20,1,8,0.642572,0,1,SUCCESS
pair_092,215,624,610,66,683.6585,0,0.772635,0.676548,0.190354,0.970603,0.676555,0.632738,1.0,0.0,0.631496,0.001243,0.001964,20,1,0,0.632738,1,0,CATASTROPHIC_WRONG_LOCATION|AMBIGUOUS|RECOVERY_USED
pair_093,17,450,17,449,1.0,1,0.669967,0.461607,0.153455,0.927958,0.576591,0.527448,1.075,1.0,0.423351,0.104096,0.197358,20,1,8,0.539448,0,1,SUCCESS
pair_094,72,68,72,68,0.0,1,0.692954,0.474104,0.151224,0.95641,0.593529,0.593529,1.02,-2.0,0.485674,0.107855,0.181718,20,0,0,0.593529,0,0,SUCCESS
pair_095,254,881,255,882,1.4142,1,0.757695,0.450696,0.146751,0.962941,0.615156,0.615156,1.02,-1.0,0.488882,0.126273,0.20527,20,0,0,0.615156,0,0,SUCCESS
pair_096,778,161,778,162,1.0,1,0.686533,0.514644,0.146419,0.922464,0.591318,0.591318,0.98,0.0,0.48804,0.103278,0.174657,20,0,0,0.591318,0,0,SUCCESS
pair_097,509,746,509,746,0.0,1,0.804231,0.644196,0.16641,0.943076,0.672429,0.625594,0.965,0.5,0.463722,0.161872,0.25875,20,1,8,0.637594,0,1,SUCCESS
pair_098,779,273,779,273,0.0,1,0.796071,0.529003,0.141852,0.937242,0.640048,0.640048,0.92,1.0,0.459356,0.180692,0.28231,20,0,0,0.640048,0,0,SUCCESS
pair_099,148,424,147,423,1.4142,1,0.722891,0.477734,0.147425,0.957503,0.605689,0.605689,0.96,1.0,0.511585,0.094104,0.155367,20,0,0,0.605689,0,0,SUCCESS
pair_100,479,250,479,250,0.0,1,0.764003,0.480364,0.14842,0.946496,0.620657,0.620657,1.06,1.0,0.473654,0.147003,0.236851,20,0,0,0.620657,0,0,SUCCESS
pair_1000,620,827,620,828,1.0,1,0.724761,0.468301,0.14967,0.93455,0.600408,0.600408,1.02,1.0,0.48044,0.119968,0.199811,20,0,0,0.600408,0,0,SUCCESS
pair_101,66,301,66,302,1.0,1,0.741283,0.480792,0.15812,0.963563,0.617008,0.617008,1.04,2.0,0.481286,0.135723,0.219969,20,0,0,0.617008,0,0,SUCCESS
pair_102,207,398,208,399,1.4142,1,0.72434,0.449223,0.140546,0.982032,0.604096,0.604096,1.0,2.0,0.462764,0.141332,0.233957,20,0,0,0.604096,0,0,SUCCESS
pair_103,211,582,211,582,0.0,1,0.735168,0.604511,0.161638,0.938707,0.635038,0.589652,1.035,1.5,0.447677,0.141975,0.240778,20,1,8,0.601652,0,1,SUCCESS
pair_104,274,103,274,104,1.0,1,0.696327,0.468119,0.147869,0.963161,0.59436,0.59436,0.98,2.0,0.475647,0.118714,0.199734,20,0,0,0.59436,0,0,SUCCESS
pair_105,855,683,855,683,0.0,1,0.820551,0.62549,0.151055,0.92557,0.668643,0.668643,0.92,0.0,0.505593,0.16305,0.243853,20,0,0,0.668643,0,0,SUCCESS
pair_106,629,337,629,337,0.0,1,0.837729,0.63408,0.159016,0.969776,0.687666,0.687666,1.04,-1.0,0.49686,0.190806,0.277469,20,0,0,0.687666,0,0,SUCCESS
pair_107,331,774,331,774,0.0,1,0.749231,0.614648,0.167389,0.916136,0.639327,0.59516,0.985,-1.0,0.439778,0.155382,0.261076,20,1,8,0.60716,0,1,SUCCESS
pair_108,464,141,465,142,1.4142,1,0.683843,0.476732,0.142761,0.945176,0.586471,0.586471,0.94,1.0,0.485835,0.100636,0.171596,20,0,0,0.586471,0,0,SUCCESS
pair_109,846,798,847,798,1.0,1,0.696958,0.427963,0.149178,0.967391,0.58769,0.58769,1.04,2.0,0.512914,0.074776,0.127236,20,0,0,0.58769,0,0,SUCCESS
pair_110,145,417,145,417,0.0,1,0.793056,0.615497,0.15194,0.903165,0.651343,0.651343,1.06,0.0,0.468659,0.182684,0.280473,20,0,0,0.651343,0,0,SUCCESS
pair_111,397,145,397,145,0.0,1,0.773256,0.617798,0.165375,0.941472,0.654231,0.654231,1.02,-1.0,0.528052,0.12618,0.192867,20,0,0,0.654231,0,0,SUCCESS
pair_112,817,767,817,767,0.0,1,0.787771,0.597273,0.161539,0.943882,0.655647,0.655647,1.04,-1.0,0.466383,0.189265,0.288668,20,0,0,0.655647,0,0,SUCCESS
pair_113,98,320,98,319,1.0,1,0.745074,0.425482,0.137394,0.948652,0.600335,0.600335,1.02,1.0,0.467316,0.133019,0.221575,20,0,0,0.600335,0,0,SUCCESS
pair_114,749,570,749,570,0.0,1,0.863477,0.570985,0.149924,0.983106,0.686194,0.686194,0.98,1.0,0.589562,0.096632,0.140823,20,0,0,0.686194,0,0,SUCCESS
pair_115,777,180,777,180,0.0,1,0.74149,0.650103,0.169264,0.940676,0.648604,0.648604,0.96,-2.0,0.4776,0.171004,0.263649,20,0,0,0.648604,0,0,SUCCESS
pair_116,59,560,59,560,0.0,1,0.837133,0.725312,0.180892,0.943497,0.704793,0.704793,1.06,0.0,0.481968,0.222826,0.316158,20,0,0,0.704793,0,0,SUCCESS
pair_117,597,121,597,121,0.0,1,0.801511,0.618967,0.157891,0.940185,0.664013,0.615771,0.955,-0.5,0.436065,0.179706,0.291839,20,1,8,0.627771,0,1,SUCCESS
pair_118,414,655,414,655,0.0,1,0.792261,0.637931,0.157242,0.957479,0.667435,0.667435,0.92,-2.0,0.47263,0.194805,0.291871,20,0,0,0.667435,0,0,SUCCESS
pair_119,264,343,264,343,0.0,1,0.807485,0.701626,0.164069,0.937717,0.683677,0.683677,0.92,1.0,0.465341,0.218336,0.319356,20,0,0,0.683677,0,0,SUCCESS
pair_120,182,807,182,807,0.0,1,0.773064,0.490345,0.148202,0.903174,0.61757,0.61757,1.06,0.0,0.47388,0.143689,0.232669,20,0,0,0.61757,0,0,SUCCESS
pair_121,8,83,8,82,1.0,1,0.650076,0.46129,0.143115,0.938996,0.568711,0.519477,0.935,1.0,0.436541,0.082936,0.159653,20,1,8,0.531477,0,1,SUCCESS
pair_122,221,726,221,726,0.0,1,0.793294,0.588258,0.146908,0.926623,0.649675,0.649675,0.96,0.0,0.478916,0.170759,0.262838,20,0,0,0.649675,0,0,SUCCESS
pair_123,694,22,694,22,0.0,1,0.792519,0.75969,0.165119,0.941262,0.690222,0.690222,0.92,1.0,0.502881,0.187341,0.271421,20,0,0,0.690222,0,0,SUCCESS
pair_124,661,861,661,861,0.0,1,0.789795,0.643729,0.170858,0.938103,0.666456,0.62079,0.965,-0.5,0.438923,0.181868,0.292962,20,1,8,0.63279,0,1,SUCCESS
pair_125,870,807,871,808,1.4142,1,0.783937,0.455116,0.142806,0.949573,0.623073,0.623073,1.04,-1.0,0.485229,0.137844,0.221232,20,0,0,0.623073,0,0,SUCCESS
pair_126,471,604,471,604,0.0,1,0.830433,0.688816,0.165542,0.954359,0.693917,0.693917,0.96,-1.0,0.492282,0.201635,0.290575,20,0,0,0.693917,0,0,SUCCESS
pair_127,308,716,309,717,1.4142,1,0.713185,0.43904,0.136163,0.941078,0.58853,0.58853,0.92,-1.0,0.480429,0.108101,0.18368,20,0,0,0.58853,0,0,SUCCESS
pair_128,454,305,453,305,1.0,1,0.760417,0.427968,0.142527,0.96367,0.611,0.611,1.04,-2.0,0.466975,0.144025,0.23572,20,0,0,0.611,0,0,SUCCESS
pair_129,667,100,667,100,0.0,1,0.769645,0.596367,0.15567,0.971092,0.652484,0.652484,0.94,2.0,0.48968,0.162804,0.249514,20,0,0,0.652484,0,0,SUCCESS
pair_130,721,229,721,230,1.0,1,0.753284,0.449292,0.141975,0.917062,0.602979,0.602979,1.04,0.0,0.501376,0.101603,0.168502,20,0,0,0.602979,0,0,SUCCESS
pair_131,164,315,163,315,1.0,1,0.695694,0.418173,0.134374,0.902311,0.569249,0.516977,0.935,0.5,0.456642,0.060334,0.116706,20,1,8,0.528977,0,1,SUCCESS
pair_132,360,697,360,697,0.0,1,0.734364,0.586171,0.162007,0.929239,0.629229,0.629229,0.98,-1.0,0.452283,0.176946,0.281211,20,0,0,0.629229,0,0,SUCCESS
pair_133,360,159,360,159,0.0,1,0.832484,0.648037,0.153928,0.958455,0.685078,0.685078,0.98,-1.0,0.450884,0.234194,0.34185,20,0,0,0.685078,0,0,SUCCESS
pair_134,111,179,112,180,1.4142,1,0.711526,0.484064,0.144074,0.954532,0.601144,0.601144,0.98,1.0,0.470026,0.131119,0.218115,20,0,0,0.601144,0,0,SUCCESS
pair_135,569,193,568,193,1.0,1,0.686874,0.450418,0.142271,0.966896,0.586666,0.586666,1.02,-2.0,0.46868,0.117987,0.201114,20,0,0,0.586666,0,0,SUCCESS
pair_136,784,811,784,811,0.0,1,0.764937,0.522551,0.139632,0.944664,0.627344,0.627344,0.96,-1.0,0.463963,0.163381,0.260432,20,0,0,0.627344,0,0,SUCCESS
pair_137,234,581,234,581,0.0,1,0.771141,0.627164,0.166068,0.916978,0.650499,0.605754,1.045,0.0,0.453246,0.152508,0.251765,20,1,8,0.617754,0,1,SUCCESS
pair_138,236,778,236,778,0.0,1,0.876203,0.737201,0.176121,0.977873,0.72872,0.72872,0.92,1.0,0.509579,0.219141,0.300721,20,0,0,0.72872,0,0,SUCCESS
pair_139,354,695,354,696,1.0,1,0.713626,0.468035,0.142821,0.946085,0.596839,0.596839,0.98,1.0,0.495061,0.101778,0.170529,20,0,0,0.596839,0,0,SUCCESS
pair_140,808,537,808,537,0.0,1,0.794094,0.654533,0.167561,0.960195,0.674096,0.674096,0.94,2.0,0.499462,0.174634,0.259064,20,0,0,0.674096,0,0,SUCCESS
pair_141,354,282,354,282,0.0,1,0.765984,0.673677,0.167102,0.933941,0.661337,0.61838,0.955,-1.5,0.440652,0.177728,0.287409,20,1,8,0.63038,0,1,SUCCESS
pair_142,373,804,373,804,0.0,1,0.768121,0.64439,0.167623,0.927209,0.655093,0.655093,1.0,1.0,0.453551,0.201542,0.307654,20,0,0,0.655093,0,0,SUCCESS
pair_143,609,99,609,99,0.0,1,0.812112,0.616601,0.160995,0.964321,0.673228,0.673228,1.04,-2.0,0.529567,0.143661,0.213392,20,0,0,0.673228,0,0,SUCCESS
pair_144,328,673,329,673,1.0,1,0.68991,0.483333,0.147948,0.925182,0.587257,0.587257,0.96,-1.0,0.501374,0.085883,0.146244,20,0,0,0.587257,0,0,SUCCESS
pair_145,199,829,199,829,0.0,1,0.799715,0.580466,0.146286,0.949025,0.655041,0.655041,0.94,1.0,0.48522,0.169821,0.259253,20,0,0,0.655041,0,0,SUCCESS
pair_146,64,272,64,272,0.0,1,0.78941,0.616027,0.156452,0.95244,0.660748,0.660748,0.94,1.0,0.501543,0.159205,0.240946,20,0,0,0.660748,0,0,SUCCESS
pair_147,407,492,408,493,1.4142,1,0.686443,0.512208,0.156374,0.897676,0.587829,0.587829,1.04,0.0,0.471237,0.116592,0.198343,20,0,0,0.587829,0,0,SUCCESS
pair_148,790,599,790,599,0.0,1,0.704805,0.480961,0.15379,0.951313,0.599135,0.599135,1.02,-2.0,0.491041,0.108094,0.180416,20,0,0,0.599135,0,0,SUCCESS
pair_149,668,603,668,603,0.0,1,0.789682,0.580982,0.159036,0.898335,0.643543,0.643543,1.0,0.0,0.501023,0.14252,0.221462,20,0,0,0.643543,0,0,SUCCESS
pair_150,385,839,385,839,0.0,1,0.792323,0.54886,0.143277,0.934754,0.642307,0.642307,1.04,0.0,0.496138,0.146169,0.227568,20,0,0,0.642307,0,0,SUCCESS
pair_151,396,337,396,338,1.0,1,0.718941,0.489333,0.153864,0.936369,0.60349,0.60349,1.04,1.0,0.528221,0.075269,0.124723,20,0,0,0.60349,0,0,SUCCESS
pair_152,282,278,281,278,1.0,1,0.68921,0.50593,0.141424,0.942321,0.593619,0.54441,0.935,0.5,0.44673,0.097681,0.179425,20,1,8,0.55641,0,1,SUCCESS
pair_153,405,711,405,711,0.0,1,0.725125,0.617888,0.157974,0.933503,0.631923,0.587785,0.955,-2.0,0.441033,0.146752,0.24967,20,1,8,0.599785,0,1,SUCCESS
pair_154,693,631,694,631,1.0,1,0.721774,0.398133,0.136571,0.970837,0.589818,0.589818,1.06,2.0,0.446618,0.143199,0.242786,20,0,0,0.589818,0,0,SUCCESS
pair_155,724,832,724,832,0.0,1,0.733277,0.624841,0.1615,0.933356,0.63725,0.63725,0.92,-1.0,0.461363,0.175888,0.27601,20,0,0,0.63725,0,0,SUCCESS
pair_156,546,156,546,156,0.0,1,0.840608,0.674309,0.153153,0.964637,0.694663,0.694663,0.92,-1.0,0.524073,0.17059,0.245573,20,0,0,0.694663,0,0,SUCCESS
pair_157,630,314,630,314,0.0,1,0.805735,0.653877,0.159018,0.954229,0.675719,0.675719,0.96,1.0,0.474542,0.201177,0.297723,20,0,0,0.675719,0,0,SUCCESS
pair_158,639,499,639,499,0.0,1,0.800021,0.652335,0.164744,0.965137,0.676452,0.676452,1.04,-2.0,0.538447,0.138004,0.204012,20,0,0,0.676452,0,0,SUCCESS
pair_159,505,625,505,625,0.0,1,0.76827,0.617379,0.166422,0.956619,0.655392,0.655392,1.04,2.0,0.480127,0.175265,0.267421,20,0,0,0.655392,0,0,SUCCESS
pair_160,495,790,495,790,0.0,1,0.649349,0.469674,0.144915,0.927873,0.568232,0.5201,0.925,-1.5,0.421929,0.098171,0.188755,20,1,8,0.5321,0,1,SUCCESS
pair_161,676,624,677,625,1.4142,1,0.721258,0.400439,0.143762,0.941489,0.585641,0.585641,0.98,-1.0,0.49713,0.088511,0.151136,20,0,0,0.585641,0,0,SUCCESS
pair_162,419,32,419,32,0.0,1,0.761442,0.474614,0.140952,0.940799,0.61585,0.61585,0.96,-1.0,0.473642,0.142208,0.230913,20,0,0,0.61585,0,0,SUCCESS
pair_163,527,236,527,236,0.0,1,0.790806,0.747073,0.171448,0.936167,0.68726,0.646837,0.995,-1.0,0.429675,0.217162,0.335729,20,1,8,0.658837,0,1,SUCCESS
pair_164,872,452,872,452,0.0,1,0.742499,0.497563,0.142434,0.896354,0.60427,0.554327,1.015,0.5,0.4045,0.149827,0.270287,20,1,8,0.566327,0,1,SUCCESS
pair_165,833,700,833,700,0.0,1,0.709241,0.606775,0.16118,0.889521,0.615192,0.573652,1.015,0.5,0.422721,0.15093,0.263104,20,1,8,0.585652,0,1,SUCCESS
pair_166,673,869,672,869,1.0,1,0.718645,0.47626,0.15628,0.926205,0.599207,0.599207,1.06,0.0,0.494363,0.104844,0.174971,20,0,0,0.599207,0,0,SUCCESS
pair_167,642,419,642,419,0.0,1,0.825485,0.664049,0.166566,0.946046,0.685526,0.63848,1.065,0.5,0.621323,0.017157,0.026872,20,1,8,0.65048,1,0,SUCCESS
pair_168,611,870,612,871,1.4142,1,0.757764,0.415205,0.13539,0.947428,0.60271,0.60271,0.98,-1.0,0.498393,0.104317,0.17308,20,0,0,0.60271,0,0,SUCCESS
pair_169,198,389,198,389,0.0,1,0.791314,0.535403,0.142406,0.973471,0.646782,0.646782,0.96,2.0,0.485439,0.161343,0.249455,20,0,0,0.646782,0,0,SUCCESS
pair_170,550,798,550,799,1.0,1,0.737299,0.491145,0.145361,0.951806,0.612582,0.612582,1.06,-1.0,0.498914,0.113667,0.185555,20,0,0,0.612582,0,0,SUCCESS
pair_171,386,582,386,582,0.0,1,0.771201,0.506389,0.141208,0.959952,0.62999,0.62999,0.92,-2.0,0.451235,0.178755,0.283743,20,0,0,0.62999,0,0,SUCCESS
pair_172,698,106,699,107,1.4142,1,0.737218,0.483836,0.148215,0.94561,0.610419,0.610419,1.06,-1.0,0.488942,0.121477,0.199006,20,0,0,0.610419,0,0,SUCCESS
pair_173,285,607,285,607,0.0,1,0.862166,0.682568,0.16384,0.983563,0.710861,0.710861,1.02,2.0,0.52364,0.18722,0.263371,20,0,0,0.710861,0,0,SUCCESS
pair_174,359,222,359,222,0.0,1,0.779045,0.600144,0.145335,0.920056,0.644725,0.644725,1.04,0.0,0.609295,0.035429,0.054953,20,0,0,0.644725,0,0,SUCCESS
pair_175,277,495,277,495,0.0,1,0.819242,0.561863,0.147846,0.961448,0.661928,0.661928,1.04,-1.0,0.489061,0.172867,0.261157,20,0,0,0.661928,0,0,SUCCESS
pair_176,196,810,196,810,0.0,1,0.787168,0.574985,0.145883,0.943609,0.647763,0.647763,0.92,1.0,0.484065,0.163697,0.252712,20,0,0,0.647763,0,0,SUCCESS
pair_177,632,72,633,73,1.4142,1,0.746684,0.464579,0.135083,0.940237,0.606653,0.606653,0.98,1.0,0.508638,0.098016,0.161568,20,0,0,0.606653,0,0,SUCCESS
pair_178,508,278,508,279,1.0,1,0.706123,0.440567,0.139583,0.954255,0.58933,0.58933,1.02,-1.0,0.489789,0.099541,0.168906,20,0,0,0.58933,0,0,SUCCESS
pair_179,294,842,293,841,1.4142,1,0.78427,0.471495,0.142355,0.953042,0.627086,0.627086,1.06,-1.0,0.489047,0.13804,0.220129,20,0,0,0.627086,0,0,SUCCESS
pair_180,335,360,335,360,0.0,1,0.735716,0.489837,0.146591,0.889442,0.59946,0.59946,0.98,0.0,0.425094,0.174366,0.290872,20,0,0,0.59946,0,0,SUCCESS
pair_181,823,350,823,349,1.0,1,0.694065,0.454844,0.148296,0.933867,0.585027,0.585027,1.06,-1.0,0.489945,0.095082,0.162527,20,0,0,0.585027,0,0,SUCCESS
pair_182,535,625,535,625,0.0,1,0.784058,0.589579,0.155249,0.941115,0.650812,0.650812,0.94,-1.0,0.508057,0.142755,0.219349,20,0,0,0.650812,0,0,SUCCESS
pair_183,654,661,655,661,1.0,1,0.740183,0.44234,0.136768,0.944634,0.600822,0.600822,0.98,-1.0,0.466191,0.134631,0.224078,20,0,0,0.600822,0,0,SUCCESS
pair_184,749,686,749,686,0.0,1,0.797716,0.590294,0.1511,0.942996,0.655964,0.655964,0.92,-1.0,0.625388,0.030576,0.046613,20,0,0,0.655964,0,0,SUCCESS
pair_185,310,145,309,144,1.4142,1,0.707428,0.465665,0.145862,0.965527,0.598382,0.598382,0.92,-2.0,0.491205,0.107177,0.179112,20,0,0,0.598382,0,0,SUCCESS
pair_186,594,64,594,64,0.0,1,0.844454,0.628653,0.157618,0.983879,0.691811,0.691811,0.96,-2.0,0.520804,0.171007,0.247188,20,0,0,0.691811,0,0,SUCCESS
pair_187,81,826,81,826,0.0,1,0.837457,0.597027,0.15713,0.95767,0.677348,0.677348,0.96,1.0,0.501335,0.176013,0.259857,20,0,0,0.677348,0,0,SUCCESS
pair_188,624,619,624,619,0.0,1,0.805239,0.448345,0.144422,0.940109,0.628671,0.571042,1.005,0.5,0.454959,0.116083,0.203282,20,1,8,0.583042,0,1,SUCCESS
pair_189,255,234,255,233,1.0,1,0.708882,0.48071,0.150131,0.937416,0.597204,0.597204,0.94,1.0,0.518394,0.07881,0.131966,20,0,0,0.597204,0,0,SUCCESS
pair_190,104,427,103,427,1.0,1,0.720422,0.412887,0.137383,0.934729,0.585169,0.585169,0.98,1.0,0.472205,0.112964,0.193045,20,0,0,0.585169,0,0,SUCCESS
pair_191,138,702,138,702,0.0,1,0.75159,0.607955,0.160765,0.933538,0.641087,0.595267,0.955,1.5,0.440332,0.154935,0.260279,20,1,8,0.607267,0,1,SUCCESS
pair_192,25,412,26,412,1.0,1,0.594208,0.438791,0.148315,0.917325,0.538569,0.492348,0.925,1.0,0.410694,0.081654,0.165847,20,1,8,0.504348,0,1,SUCCESS
pair_193,706,809,706,809,0.0,1,0.812904,0.597057,0.155223,0.960687,0.667755,0.667755,1.06,-2.0,0.505115,0.16264,0.243563,20,0,0,0.667755,0,0,SUCCESS
pair_194,596,684,596,684,0.0,1,0.841579,0.667124,0.162385,0.946341,0.691802,0.691802,1.0,1.0,0.488447,0.203354,0.293949,20,0,0,0.691802,0,0,SUCCESS
pair_195,831,607,831,607,0.0,1,0.792289,0.624106,0.157428,0.938276,0.660878,0.660878,0.92,-1.0,0.492628,0.16825,0.254585,20,0,0,0.660878,0,0,SUCCESS
pair_196,93,105,93,105,0.0,1,0.698851,0.604756,0.155543,0.910645,0.613729,0.613729,0.92,-1.0,0.444962,0.168768,0.274987,20,0,0,0.613729,0,0,SUCCESS
pair_197,453,848,453,848,0.0,1,0.74601,0.605077,0.158979,0.951807,0.641577,0.641577,1.06,-2.0,0.465835,0.175742,0.273922,20,0,0,0.641577,0,0,SUCCESS
pair_198,607,765,608,766,1.4142,1,0.798459,0.470811,0.149478,0.969201,0.637281,0.637281,1.04,-1.0,0.493305,0.143976,0.225923,20,0,0,0.637281,0,0,SUCCESS
pair_199,240,451,239,451,1.0,1,0.783995,0.450137,0.139589,0.961189,0.623781,0.623781,1.08,-1.0,0.503511,0.12027,0.192808,20,0,0,0.623781,0,0,SUCCESS
pair_200,415,277,415,278,1.0,1,0.755424,0.462983,0.145801,0.936605,0.611247,0.611247,1.06,-1.0,0.49226,0.118988,0.194664,20,0,0,0.611247,0,0,SUCCESS
pair_201,127,544,127,545,1.0,1,0.685881,0.481978,0.148978,0.915785,0.583701,0.583701,0.96,-1.0,0.486808,0.096892,0.165996,20,0,0,0.583701,0,0,SUCCESS
pair_202,614,58,614,58,0.0,1,0.808483,0.638682,0.165362,0.957497,0.675702,0.675702,1.06,1.0,0.478994,0.196708,0.291116,20,0,0,0.675702,0,0,SUCCESS
pair_203,588,378,589,379,1.4142,1,0.703681,0.463349,0.14719,0.944576,0.592495,0.592495,1.04,1.0,0.491044,0.101451,0.171227,20,0,0,0.592495,0,0,SUCCESS
pair_204,653,659,653,659,0.0,1,0.774914,0.465605,0.144052,0.953264,0.62255,0.62255,0.94,1.0,0.477005,0.145545,0.233789,20,0,0,0.62255,0,0,SUCCESS
pair_205,371,618,371,619,1.0,1,0.701276,0.495091,0.150528,0.931581,0.59595,0.59595,1.04,1.0,0.491949,0.104001,0.174514,20,0,0,0.59595,0,0,SUCCESS
pair_206,860,326,861,326,1.0,1,0.770098,0.431005,0.139022,0.920423,0.60613,0.60613,1.06,0.0,0.483253,0.122877,0.202723,20,0,0,0.60613,0,0,SUCCESS
pair_207,524,864,524,864,0.0,1,0.804499,0.628203,0.162306,0.955754,0.671052,0.671052,1.04,1.0,0.47677,0.194283,0.289519,20,0,0,0.671052,0,0,SUCCESS
pair_208,714,35,714,35,0.0,1,0.81219,0.637409,0.17046,0.939165,0.674283,0.674283,1.02,0.0,0.506252,0.168031,0.2492,20,0,0,0.674283,0,0,SUCCESS
pair_209,20,569,19,568,1.4142,1,0.661408,0.550461,0.155826,0.894703,0.584761,0.584761,1.04,0.0,0.469645,0.115116,0.19686,20,0,0,0.584761,0,0,SUCCESS
pair_210,193,301,193,301,0.0,1,0.775458,0.631466,0.158134,0.940587,0.656221,0.656221,0.92,1.0,0.471343,0.184878,0.281731,20,0,0,0.656221,0,0,SUCCESS
pair_211,342,604,342,604,0.0,1,0.790593,0.670834,0.161245,0.917478,0.666149,0.622349,0.995,0.0,0.446959,0.17539,0.281819,20,1,8,0.634349,0,1,SUCCESS
pair_212,228,238,228,239,1.0,1,0.7111,0.458256,0.14253,0.907537,0.586104,0.535212,0.925,-0.5,0.425336,0.109876,0.205294,20,1,8,0.547212,0,1,SUCCESS
pair_213,859,318,858,317,1.4142,1,0.752863,0.446062,0.137331,0.967528,0.61133,0.61133,1.02,-2.0,0.465063,0.146267,0.23926,20,0,0,0.61133,0,0,SUCCESS
pair_214,272,284,273,284,1.0,1,0.696254,0.452298,0.143207,0.948897,0.587382,0.587382,0.98,1.0,0.512643,0.074739,0.12724,20,0,0,0.587382,0,0,SUCCESS
pair_215,581,165,581,165,0.0,1,0.793571,0.684496,0.166046,0.94254,0.676045,0.631766,1.005,1.5,0.461833,0.169934,0.268982,20,1,8,0.643766,0,1,SUCCESS
pair_216,662,236,662,236,0.0,1,0.819009,0.637642,0.164275,0.952829,0.678553,0.678553,1.04,0.0,0.501368,0.177185,0.261121,20,0,0,0.678553,0,0,SUCCESS
pair_217,605,617,605,617,0.0,1,0.796463,0.616757,0.155993,0.975678,0.668271,0.668271,0.92,2.0,0.519226,0.149045,0.223031,20,0,0,0.668271,0,0,SUCCESS
pair_218,307,458,307,458,0.0,1,0.831833,0.683817,0.165095,0.962645,0.695045,0.695045,0.94,2.0,0.470308,0.224737,0.323342,20,0,0,0.695045,0,0,SUCCESS
pair_219,607,731,607,731,0.0,1,0.716522,0.564587,0.154562,0.952433,0.620925,0.573435,0.995,2.0,0.426159,0.147276,0.256831,20,1,8,0.585435,0,1,SUCCESS
pair_220,862,735,862,735,0.0,1,0.799354,0.628542,0.162844,0.954931,0.669005,0.669005,0.96,1.0,0.46915,0.199856,0.298735,20,0,0,0.669005,0,0,SUCCESS
pair_221,678,153,678,153,0.0,1,0.79338,0.583368,0.162345,0.924327,0.65136,0.65136,0.96,0.0,0.623849,0.02751,0.042235,20,0,0,0.65136,0,0,SUCCESS
pair_222,74,480,74,481,1.0,1,0.707763,0.416685,0.139028,0.955653,0.585379,0.585379,0.94,-2.0,0.47719,0.108189,0.184819,20,0,0,0.585379,0,0,SUCCESS
pair_223,827,396,827,396,0.0,1,0.801798,0.688041,0.174623,0.93234,0.67972,0.67972,1.06,0.0,0.501683,0.178038,0.261928,20,0,0,0.67972,0,0,SUCCESS
pair_224,550,498,550,497,1.0,1,0.729821,0.400543,0.13833,0.92952,0.585607,0.585607,1.02,1.0,0.454134,0.131473,0.224507,20,0,0,0.585607,0,0,SUCCESS
pair_225,659,711,659,710,1.0,1,0.778911,0.467154,0.139052,0.956925,0.624191,0.624191,1.08,1.0,0.498227,0.125964,0.201803,20,0,0,0.624191,0,0,SUCCESS
pair_226,384,260,385,261,1.4142,1,0.67608,0.463436,0.142702,0.954108,0.582481,0.531279,0.915,-1.5,0.445019,0.08626,0.162363,20,1,8,0.543279,0,1,SUCCESS
pair_227,516,680,516,680,0.0,1,0.794353,0.607416,0.152931,0.929601,0.655731,0.655731,0.96,1.0,0.504778,0.150953,0.230206,20,0,0,0.655731,0,0,SUCCESS
pair_228,601,121,601,121,0.0,1,0.761032,0.644365,0.157692,0.937854,0.652395,0.607554,0.915,1.0,0.462114,0.14544,0.239386,20,1,8,0.619554,0,1,SUCCESS
pair_229,347,215,348,216,1.4142,1,0.710245,0.396219,0.142022,0.966891,0.585124,0.585124,1.0,-2.0,0.468735,0.11639,0.198915,20,0,0,0.585124,0,0,SUCCESS
pair_230,610,411,610,411,0.0,1,0.814369,0.575066,0.145086,0.943549,0.658488,0.606599,0.995,0.5,0.431931,0.174668,0.287946,20,1,8,0.618599,0,1,SUCCESS
pair_231,566,756,566,756,0.0,1,0.704899,0.58278,0.157967,0.921961,0.614501,0.570196,1.015,1.5,0.41685,0.153346,0.268936,20,1,8,0.582196,0,1,SUCCESS
pair_232,199,558,199,558,0.0,1,0.777622,0.649311,0.163683,0.932479,0.660143,0.615288,0.945,-0.5,0.449097,0.166191,0.270102,20,1,8,0.627288,0,1,SUCCESS
pair_233,704,89,704,89,0.0,1,0.785166,0.495571,0.144008,0.948073,0.631597,0.631597,1.08,-1.0,0.489231,0.142365,0.225405,20,0,0,0.631597,0,0,SUCCESS
pair_234,520,393,520,393,0.0,1,0.837984,0.693744,0.168935,0.946769,0.697083,0.65098,1.055,0.0,0.62235,0.02863,0.04398,20,1,8,0.66298,1,0,SUCCESS
pair_235,160,742,160,743,1.0,1,0.710783,0.472068,0.147422,0.948151,0.597841,0.597841,1.02,-1.0,0.500606,0.097235,0.162643,20,0,0,0.597841,0,0,SUCCESS
pair_236,676,523,676,523,0.0,1,0.723369,0.597805,0.158829,0.925518,0.625778,0.581165,0.955,1.0,0.438781,0.142385,0.244999,20,1,8,0.593165,0,1,SUCCESS
pair_237,634,247,634,247,0.0,1,0.708705,0.534947,0.157588,0.939403,0.60987,0.60987,1.04,1.0,0.482081,0.127789,0.209535,20,0,0,0.60987,0,0,SUCCESS
pair_238,737,226,737,226,0.0,1,0.798627,0.743605,0.166802,0.928046,0.687141,0.646328,0.995,0.0,0.469381,0.176947,0.273773,20,1,8,0.658328,0,1,SUCCESS
pair_239,83,284,83,284,0.0,1,0.76531,0.562699,0.152949,0.921967,0.633647,0.633647,1.04,0.0,0.50097,0.132677,0.209386,20,0,0,0.633647,0,0,SUCCESS
pair_240,662,432,662,432,0.0,1,0.764557,0.610315,0.151106,0.95557,0.649221,0.649221,1.0,2.0,0.49369,0.155531,0.239566,20,0,0,0.649221,0,0,SUCCESS
pair_241,498,172,497,171,1.4142,1,0.724878,0.443738,0.136512,0.922306,0.590462,0.537115,0.935,-0.5,0.452779,0.084336,0.157016,20,1,8,0.549115,0,1,SUCCESS
pair_242,673,789,673,790,1.0,1,0.681136,0.447101,0.150339,0.949256,0.581794,0.581794,1.04,-2.0,0.472329,0.109465,0.18815,20,0,0,0.581794,0,0,SUCCESS
pair_243,217,439,217,439,0.0,1,0.736059,0.587793,0.168134,0.926149,0.630839,0.630839,0.96,1.0,0.470773,0.160066,0.253735,20,0,0,0.630839,0,0,SUCCESS
pair_244,702,315,702,316,1.0,1,0.690687,0.490059,0.142643,0.945112,0.591838,0.591838,1.04,1.0,0.489602,0.102235,0.172742,20,0,0,0.591838,0,0,SUCCESS
pair_245,166,543,167,543,1.0,1,0.699211,0.465175,0.147871,0.919556,0.586205,0.586205,1.06,0.0,0.492228,0.093976,0.160313,20,0,0,0.586205,0,0,SUCCESS
pair_246,607,601,607,601,0.0,1,0.807229,0.61315,0.157235,0.93774,0.664517,0.664517,0.94,0.0,0.616784,0.047733,0.071831,20,0,0,0.664517,0,0,SUCCESS
pair_247,352,375,352,375,0.0,1,0.739341,0.538079,0.158227,0.934262,0.62185,0.62185,1.06,1.0,0.455608,0.166242,0.267335,20,0,0,0.62185,0,0,SUCCESS
pair_248,752,619,753,619,1.0,1,0.752846,0.497241,0.149565,0.962051,0.62291,0.62291,1.06,2.0,0.519658,0.103252,0.165757,20,0,0,0.62291,0,0,SUCCESS
pair_249,149,488,149,488,0.0,1,0.760251,0.639051,0.163299,0.933122,0.651195,0.651195,1.04,-1.0,0.466473,0.184722,0.283666,20,0,0,0.651195,0,0,SUCCESS
pair_250,102,357,103,357,1.0,1,0.743925,0.443327,0.135558,0.962111,0.605769,0.605769,1.04,1.0,0.50137,0.104399,0.172341,20,0,0,0.605769,0,0,SUCCESS
pair_251,452,589,452,589,0.0,1,0.799626,0.635891,0.158205,0.962677,0.671205,0.671205,1.06,-2.0,0.500567,0.170638,0.254226,20,0,0,0.671205,0,0,SUCCESS
pair_252,520,56,520,57,1.0,1,0.753958,0.477446,0.14664,0.958695,0.618139,0.618139,1.02,1.0,0.496789,0.12135,0.196315,20,0,0,0.618139,0,0,SUCCESS
pair_253,428,84,428,84,0.0,1,0.772693,0.596734,0.1751,0.910087,0.645461,0.645461,1.0,0.0,0.467008,0.178453,0.276474,20,0,0,0.645461,0,0,SUCCESS
pair_254,798,31,799,31,1.0,1,0.720448,0.466827,0.153505,0.947375,0.601721,0.601721,1.04,1.0,0.487874,0.113847,0.189202,20,0,0,0.601721,0,0,SUCCESS
pair_255,305,211,305,212,1.0,1,0.681367,0.479558,0.141384,0.953019,0.587339,0.587339,0.94,1.0,0.480454,0.106885,0.181982,20,0,0,0.587339,0,0,SUCCESS
pair_256,879,30,879,30,0.0,1,0.899989,0.705421,0.172589,0.971979,0.729993,0.729993,0.92,-1.0,0.546303,0.18369,0.251633,20,0,0,0.729993,0,0,SUCCESS
pair_257,96,446,96,446,0.0,1,0.764862,0.568556,0.158759,0.968822,0.645172,0.645172,0.96,2.0,0.504896,0.140276,0.217424,20,0,0,0.645172,0,0,SUCCESS
pair_258,585,242,585,242,0.0,1,0.715342,0.385654,0.138986,0.945194,0.580104,0.580104,0.92,-1.0,0.48048,0.099623,0.171733,20,0,0,0.580104,0,0,SUCCESS
pair_259,139,257,139,257,0.0,1,0.843056,0.609313,0.157541,0.967187,0.684031,0.631861,0.945,-1.0,0.60952,0.022341,0.035358,20,1,8,0.643861,1,0,SUCCESS
pair_260,361,316,361,316,0.0,1,0.812336,0.645149,0.171409,0.963429,0.680932,0.680932,1.06,-2.0,0.490899,0.190032,0.279077,20,0,0,0.680932,0,0,SUCCESS
pair_261,99,641,99,641,0.0,1,0.78885,0.481534,0.141988,0.963242,0.632893,0.632893,1.06,-2.0,0.590853,0.04204,0.066425,20,0,0,0.632893,0,0,SUCCESS
pair_262,813,14,813,14,0.0,1,0.746611,0.599492,0.157005,0.89427,0.628798,0.628798,1.0,0.0,0.476044,0.152753,0.242929,20,0,0,0.628798,0,0,SUCCESS
pair_263,216,823,215,822,1.4142,1,0.693824,0.457881,0.146018,0.943208,0.586951,0.586951,0.96,1.0,0.515771,0.07118,0.121271,20,0,0,0.586951,0,0,SUCCESS
pair_264,520,863,520,863,0.0,1,0.799828,0.634242,0.165751,0.950622,0.670054,0.670054,1.06,1.0,0.47148,0.198575,0.296356,20,0,0,0.670054,0,0,SUCCESS
pair_265,539,642,539,642,0.0,1,0.833974,0.634099,0.156591,0.961368,0.684001,0.684001,1.04,1.0,0.48044,0.203561,0.297604,20,0,0,0.684001,0,0,SUCCESS
pair_266,895,703,895,703,0.0,1,0.800426,0.642843,0.159615,0.959776,0.672617,0.62473,0.915,1.5,0.460604,0.164126,0.262715,20,1,8,0.63673,0,1,SUCCESS
pair_267,646,870,646,871,1.0,1,0.719547,0.457787,0.149391,0.950582,0.599371,0.599371,1.02,-1.0,0.47746,0.121911,0.203397,20,0,0,0.599371,0,0,SUCCESS
pair_268,361,686,361,686,0.0,1,0.799687,0.66046,0.167998,0.940714,0.673709,0.673709,1.02,1.0,0.472958,0.200751,0.297979,20,0,0,0.673709,0,0,SUCCESS
pair_269,294,134,294,134,0.0,1,0.760466,0.543426,0.15654,0.954588,0.635097,0.635097,1.06,1.0,0.522855,0.112242,0.176732,20,0,0,0.635097,0,0,SUCCESS
pair_270,860,514,861,514,1.0,1,0.701172,0.466074,0.14997,0.954024,0.594482,0.594482,1.06,-2.0,0.566833,0.02765,0.046511,20,0,0,0.594482,0,0,SUCCESS
pair_271,101,810,101,810,0.0,1,0.782782,0.553178,0.150659,0.911287,0.636138,0.636138,0.96,0.0,0.482929,0.153208,0.240841,20,0,0,0.636138,0,0,SUCCESS
pair_272,255,515,254,515,1.0,1,0.674185,0.451537,0.143723,0.970676,0.582861,0.582861,1.08,-2.0,0.492101,0.09076,0.155714,20,0,0,0.582861,0,0,SUCCESS
pair_273,133,586,133,586,0.0,1,0.724744,0.593982,0.159143,0.938157,0.628154,0.582665,1.045,2.0,0.447376,0.13529,0.232191,20,1,8,0.594665,0,1,SUCCESS
pair_274,164,793,164,793,0.0,1,0.751433,0.420175,0.141856,0.963589,0.605697,0.605697,1.0,-1.0,0.517551,0.088147,0.145529,20,0,0,0.605697,0,0,SUCCESS
pair_275,348,239,348,239,0.0,1,0.80011,0.627076,0.161133,0.949372,0.66756,0.66756,0.94,-1.0,0.483358,0.184202,0.275934,20,0,0,0.66756,0,0,SUCCESS
pair_276,219,611,220,611,1.0,1,0.75566,0.441521,0.136146,0.948599,0.607517,0.607517,1.06,-1.0,0.502398,0.10512,0.173031,20,0,0,0.607517,0,0,SUCCESS
pair_277,517,659,517,659,0.0,1,0.822768,0.652412,0.159777,0.978658,0.687277,0.687277,1.0,2.0,0.510285,0.176992,0.257526,20,0,0,0.687277,0,0,SUCCESS
pair_278,192,733,193,734,1.4142,1,0.677288,0.473917,0.146645,0.943314,0.58369,0.58369,0.98,1.0,0.46555,0.118141,0.202403,20,0,0,0.58369,0,0,SUCCESS
pair_279,116,60,116,60,0.0,1,0.752121,0.603157,0.164051,0.94711,0.643712,0.643712,1.04,2.0,0.472679,0.171033,0.265699,20,0,0,0.643712,0,0,SUCCESS
pair_280,409,703,409,703,0.0,1,0.88033,0.704982,0.179429,0.966259,0.722266,0.722266,0.92,0.0,0.545728,0.176538,0.244422,20,0,0,0.722266,0,0,SUCCESS
pair_281,20,288,20,288,0.0,1,0.79031,0.633284,0.16206,0.963089,0.66781,0.66781,0.92,2.0,0.465979,0.201832,0.302229,20,0,0,0.66781,0,0,SUCCESS
pair_282,204,175,204,176,1.0,1,0.77476,0.440247,0.14095,0.971236,0.62039,0.62039,1.04,-2.0,0.498215,0.122175,0.196933,20,0,0,0.62039,0,0,SUCCESS
pair_283,673,333,673,333,0.0,1,0.767781,0.571511,0.156514,0.953143,0.643346,0.643346,0.98,-1.0,0.612845,0.030501,0.047409,20,0,0,0.643346,0,0,SUCCESS
pair_284,675,88,674,88,1.0,1,0.745863,0.522067,0.151462,0.930163,0.619084,0.619084,1.06,0.0,0.479235,0.139849,0.225896,20,0,0,0.619084,0,0,SUCCESS
pair_285,747,35,747,36,1.0,1,0.825576,0.444655,0.144152,0.96757,0.641506,0.641506,1.04,-1.0,0.496862,0.144644,0.225475,20,0,0,0.641506,0,0,SUCCESS
pair_286,857,784,857,784,0.0,1,0.773936,0.629852,0.153733,0.92481,0.651253,0.651253,0.96,0.0,0.487578,0.163675,0.251323,20,0,0,0.651253,0,0,SUCCESS
pair_287,230,689,230,689,0.0,1,0.817552,0.650671,0.157956,0.94628,0.678002,0.630242,0.925,-1.0,0.622147,0.008095,0.012844,20,1,8,0.642242,1,0,SUCCESS
pair_288,153,401,153,400,1.0,1,0.746884,0.454852,0.141226,0.937175,0.605404,0.605404,0.96,-1.0,0.462159,0.143245,0.236611,20,0,0,0.605404,0,0,SUCCESS
pair_289,693,449,693,448,1.0,1,0.733086,0.447877,0.142326,0.960606,0.603396,0.603396,0.96,-2.0,0.451367,0.152029,0.251955,20,0,0,0.603396,0,0,SUCCESS
pair_290,299,801,298,801,1.0,1,0.732237,0.476549,0.151628,0.93628,0.605786,0.605786,1.06,-1.0,0.504129,0.101657,0.16781,20,0,0,0.605786,0,0,SUCCESS
pair_291,28,619,28,619,0.0,1,0.791695,0.624975,0.16283,0.932395,0.660718,0.660718,1.0,1.0,0.462825,0.197893,0.299513,20,0,0,0.660718,0,0,SUCCESS
pair_292,51,430,51,430,0.0,1,0.833306,0.557741,0.148763,0.957339,0.666091,0.666091,0.98,1.0,0.469596,0.196495,0.294997,20,0,0,0.666091,0,0,SUCCESS
pair_293,828,78,828,78,0.0,1,0.824581,0.69927,0.178972,0.94063,0.693607,0.693607,0.92,1.0,0.533107,0.1605,0.231399,20,0,0,0.693607,0,0,SUCCESS
pair_294,299,811,299,811,0.0,1,0.807336,0.516458,0.144972,0.979546,0.651129,0.651129,0.96,2.0,0.494042,0.157087,0.241253,20,0,0,0.651129,0,0,SUCCESS
pair_295,684,825,684,825,0.0,1,0.712931,0.422596,0.134684,0.941824,0.584993,0.584993,0.92,1.0,0.454239,0.130754,0.223514,20,0,0,0.584993,0,0,SUCCESS
pair_296,280,725,280,726,1.0,1,0.736474,0.491585,0.140433,0.980436,0.61708,0.61708,0.94,-2.0,0.506645,0.110436,0.178965,20,0,0,0.61708,0,0,SUCCESS
pair_297,481,63,481,63,0.0,1,0.798054,0.62099,0.163144,0.951439,0.666336,0.666336,0.92,-1.0,0.474777,0.191559,0.287481,20,0,0,0.666336,0,0,SUCCESS
pair_298,48,407,48,408,1.0,1,0.704157,0.465784,0.143624,0.952582,0.594061,0.594061,1.02,1.0,0.49687,0.097191,0.163604,20,0,0,0.594061,0,0,SUCCESS
pair_299,51,749,51,749,0.0,1,0.825722,0.577356,0.151611,0.96994,0.67007,0.67007,1.04,-2.0,0.522815,0.147256,0.219761,20,0,0,0.67007,0,0,SUCCESS
pair_300,149,199,149,199,0.0,1,0.8369,0.703152,0.171213,0.969299,0.703493,0.703493,1.08,2.0,0.524961,0.178532,0.25378,20,0,0,0.703493,0,0,SUCCESS
pair_301,25,888,25,888,0.0,1,0.74105,0.495691,0.138623,0.952385,0.61376,0.61376,0.94,1.0,0.45495,0.15881,0.258749,20,0,0,0.61376,0,0,SUCCESS
pair_302,47,216,47,217,1.0,1,0.803483,0.48144,0.146073,0.942569,0.63541,0.63541,1.02,0.0,0.513311,0.122099,0.192158,20,0,0,0.63541,0,0,SUCCESS
pair_303,46,132,47,132,1.0,1,0.775504,0.45956,0.144978,0.957984,0.622706,0.622706,0.98,1.0,0.503133,0.119573,0.192021,20,0,0,0.622706,0,0,SUCCESS
pair_304,419,838,419,837,1.0,1,0.743779,0.493529,0.148457,0.962602,0.618429,0.618429,1.02,-2.0,0.487853,0.130576,0.211142,20,0,0,0.618429,0,0,SUCCESS
pair_305,198,417,198,417,0.0,1,0.743464,0.5799,0.161413,0.946547,0.634958,0.634958,0.92,1.0,0.43777,0.197187,0.310552,20,0,0,0.634958,0,0,SUCCESS
pair_306,133,182,133,183,1.0,1,0.751933,0.455222,0.143477,0.956091,0.611731,0.611731,0.92,-2.0,0.508152,0.10358,0.169322,20,0,0,0.611731,0,0,SUCCESS
pair_307,315,544,315,544,0.0,1,0.792889,0.404204,0.140168,0.941256,0.614281,0.614281,0.98,-1.0,0.495803,0.118478,0.192873,20,0,0,0.614281,0,0,SUCCESS
pair_308,164,167,164,167,0.0,1,0.774102,0.685632,0.167654,0.930808,0.666459,0.623878,1.055,-0.5,0.578575,0.045303,0.072616,20,1,8,0.635878,1,0,SUCCESS
pair_309,639,284,640,285,1.4142,1,0.686159,0.46529,0.148499,0.957979,0.588817,0.5373,1.055,-1.5,0.476792,0.060508,0.112614,20,1,8,0.5493,0,1,SUCCESS
pair_310,775,859,775,859,0.0,1,0.783529,0.681194,0.166247,0.948123,0.672525,0.628314,0.995,-1.5,0.432366,0.195948,0.311863,20,1,8,0.640314,0,1,SUCCESS
pair_311,386,186,386,187,1.0,1,0.677349,0.487304,0.150889,0.968552,0.592289,0.592289,1.0,-2.0,0.470935,0.121353,0.204889,20,0,0,0.592289,0,0,SUCCESS
pair_312,673,313,673,313,0.0,1,0.73871,0.613218,0.162035,0.906462,0.631827,0.588331,0.965,-1.0,0.422282,0.166049,0.282237,20,1,8,0.600331,0,1,SUCCESS
pair_313,618,740,618,740,0.0,1,0.804132,0.590829,0.156644,0.95443,0.662033,0.662033,1.06,-1.0,0.4936,0.168433,0.254417,20,0,0,0.662033,0,0,SUCCESS
pair_314,203,572,203,572,0.0,1,0.7394,0.555708,0.147592,0.950475,0.626515,0.626515,1.02,-1.0,0.465267,0.161248,0.257373,20,0,0,0.626515,0,0,SUCCESS
pair_315,239,428,240,428,1.0,1,0.687792,0.47926,0.148977,0.960348,0.592834,0.592834,0.98,2.0,0.466819,0.126015,0.212564,20,0,0,0.592834,0,0,SUCCESS
pair_316,594,738,594,738,0.0,1,0.819764,0.663735,0.164749,0.95658,0.684919,0.684919,0.98,1.0,0.476199,0.20872,0.304736,20,0,0,0.684919,0,0,SUCCESS
pair_317,49,823,49,823,0.0,1,0.805918,0.584654,0.161488,0.932437,0.658083,0.658083,1.0,0.0,0.504583,0.1535,0.233254,20,0,0,0.658083,0,0,SUCCESS
pair_318,596,21,596,21,0.0,1,0.830529,0.541056,0.146704,0.948639,0.659491,0.659491,1.06,-1.0,0.452459,0.207032,0.313927,20,0,0,0.659491,0,0,SUCCESS
pair_319,804,242,804,242,0.0,1,0.806048,0.60399,0.152794,0.945028,0.662781,0.662781,1.0,1.0,0.499518,0.163264,0.246331,20,0,0,0.662781,0,0,SUCCESS
pair_320,74,17,74,17,0.0,1,0.794263,0.677876,0.172127,0.937007,0.675107,0.631044,1.005,-1.5,0.457946,0.173098,0.274305,20,1,8,0.643044,0,1,SUCCESS
pair_321,673,828,673,828,0.0,1,0.839742,0.640962,0.152995,0.94775,0.684238,0.684238,1.02,1.0,0.513984,0.170255,0.248824,20,0,0,0.684238,0,0,SUCCESS
pair_322,213,184,213,184,0.0,1,0.7325,0.572776,0.163017,0.943059,0.628771,0.581782,0.995,1.5,0.446628,0.135154,0.232311,20,1,8,0.593782,0,1,SUCCESS
pair_323,808,82,808,83,1.0,1,0.708882,0.423554,0.132557,0.910506,0.576876,0.523712,0.925,0.5,0.405908,0.117804,0.224941,20,1,8,0.535712,0,1,SUCCESS
pair_324,491,878,491,878,0.0,1,0.777992,0.615415,0.166539,0.951878,0.657963,0.610567,1.055,-2.0,0.59781,0.012757,0.020894,20,1,8,0.622567,1,0,SUCCESS
pair_325,391,438,516,84,375.4211,0,0.778548,0.656815,0.195834,0.94873,0.671695,0.627964,1.0,0.0,0.624773,0.003191,0.005081,20,1,0,0.627964,1,0,CATASTROPHIC_WRONG_LOCATION|AMBIGUOUS|RECOVERY_USED
pair_326,661,640,661,640,0.0,1,0.745435,0.484673,0.152375,0.928297,0.611243,0.559409,1.055,-0.5,0.452534,0.106875,0.19105,20,1,8,0.571409,0,1,SUCCESS
pair_327,640,399,640,399,0.0,1,0.758442,0.688495,0.170198,0.903861,0.655888,0.655888,1.04,0.0,0.473957,0.18193,0.27738,20,0,0,0.655888,0,0,SUCCESS
pair_328,30,665,29,665,1.0,1,0.708577,0.488676,0.144526,0.960639,0.602199,0.602199,0.98,1.0,0.510915,0.091284,0.151584,20,0,0,0.602199,0,0,SUCCESS
pair_329,253,418,253,419,1.0,1,0.799148,0.483096,0.142988,0.9457,0.634016,0.634016,1.04,0.0,0.488445,0.145571,0.229601,20,0,0,0.634016,0,0,SUCCESS
pair_330,60,794,60,793,1.0,1,0.745458,0.425915,0.14309,0.918601,0.595704,0.595704,1.02,0.0,0.47741,0.118294,0.198579,20,0,0,0.595704,0,0,SUCCESS
pair_331,595,505,596,506,1.4142,1,0.757505,0.455328,0.137146,0.971344,0.615766,0.615766,0.94,-2.0,0.490507,0.125259,0.203419,20,0,0,0.615766,0,0,SUCCESS
pair_332,573,358,574,359,1.4142,1,0.701875,0.467826,0.151404,0.958923,0.596381,0.596381,1.04,2.0,0.476915,0.119465,0.200317,20,0,0,0.596381,0,0,SUCCESS
pair_333,846,549,847,550,1.4142,1,0.692992,0.485262,0.143913,0.933394,0.589711,0.589711,0.94,1.0,0.488962,0.100749,0.170845,20,0,0,0.589711,0,0,SUCCESS
pair_334,898,131,897,131,1.0,1,0.582757,0.455631,0.146664,0.880162,0.529594,0.486563,0.935,-0.5,0.414215,0.072348,0.148692,20,1,8,0.498563,0,1,SUCCESS
pair_335,263,764,263,764,0.0,1,0.819924,0.673597,0.168231,0.959523,0.68824,0.68824,0.94,-1.0,0.488562,0.199678,0.290128,20,0,0,0.68824,0,0,SUCCESS
pair_336,838,811,838,810,1.0,1,0.806212,0.48486,0.140814,0.967937,0.641207,0.641207,0.98,1.0,0.507175,0.134032,0.209031,20,0,0,0.641207,0,0,SUCCESS
pair_337,478,48,478,48,0.0,1,0.772837,0.596204,0.155199,0.951521,0.64972,0.64972,1.0,-1.0,0.523057,0.126663,0.19495,20,0,0,0.64972,0,0,SUCCESS
pair_338,530,329,530,330,1.0,1,0.711586,0.410816,0.140091,0.937305,0.582277,0.582277,0.92,1.0,0.459995,0.122281,0.210005,20,0,0,0.582277,0,0,SUCCESS
pair_339,656,463,656,463,0.0,1,0.680587,0.468286,0.148624,0.935034,0.582623,0.582623,1.04,-1.0,0.489485,0.093138,0.15986,20,0,0,0.582623,0,0,SUCCESS
pair_340,222,791,221,791,1.0,1,0.807977,0.457006,0.14049,0.966031,0.635896,0.635896,1.02,1.0,0.499414,0.136482,0.21463,20,0,0,0.635896,0,0,SUCCESS
pair_341,837,453,837,453,0.0,1,0.738726,0.588034,0.162133,0.932179,0.63196,0.585923,1.055,1.5,0.399894,0.186029,0.317497,20,1,8,0.597923,0,1,SUCCESS
pair_342,199,396,199,396,0.0,1,0.804574,0.512724,0.141809,0.948366,0.642409,0.642409,1.02,1.0,0.472669,0.16974,0.264224,20,0,0,0.642409,0,0,SUCCESS
pair_343,736,246,736,246,0.0,1,0.762538,0.686996,0.166993,0.934147,0.662642,0.662642,0.92,2.0,0.489926,0.172717,0.260648,20,0,0,0.662642,0,0,SUCCESS
pair_344,869,567,869,568,1.0,1,0.678185,0.470207,0.149161,0.9611,0.587368,0.587368,0.94,-2.0,0.461283,0.126085,0.21466,20,0,0,0.587368,0,0,SUCCESS
pair_345,312,265,312,265,0.0,1,0.783172,0.676544,0.169939,0.94872,0.672309,0.628039,0.945,-1.0,0.459372,0.168667,0.268561,20,1,8,0.640039,0,1,SUCCESS
pair_346,715,425,715,425,0.0,1,0.766143,0.668979,0.166635,0.925638,0.658707,0.658707,0.96,0.0,0.492871,0.165837,0.251761,20,0,0,0.658707,0,0,SUCCESS
pair_347,864,603,864,603,0.0,1,0.787527,0.723945,0.169348,0.938072,0.681284,0.639668,0.995,-1.5,0.481284,0.158384,0.247604,20,1,8,0.651668,0,1,SUCCESS
pair_348,325,154,325,154,0.0,1,0.753096,0.57131,0.160488,0.925369,0.632672,0.632672,1.04,0.0,0.51256,0.120111,0.189848,20,0,0,0.632672,0,0,SUCCESS
pair_349,302,661,302,661,0.0,1,0.828697,0.716621,0.161757,0.957122,0.698579,0.653207,0.995,0.5,0.45148,0.201727,0.308826,20,1,8,0.665207,0,1,SUCCESS
pair_350,470,365,470,365,0.0,1,0.783316,0.662418,0.163578,0.949519,0.668429,0.623087,1.035,1.5,0.453167,0.169921,0.272708,20,1,8,0.635087,0,1,SUCCESS
pair_351,410,67,410,67,0.0,1,0.871697,0.608321,0.150971,0.984986,0.697534,0.697534,1.02,-2.0,0.493711,0.203823,0.292206,20,0,0,0.697534,0,0,SUCCESS
pair_352,502,760,503,761,1.4142,1,0.726852,0.479952,0.142232,0.961837,0.607545,0.607545,0.98,-1.0,0.491781,0.115764,0.190544,20,0,0,0.607545,0,0,SUCCESS
pair_353,801,136,801,136,0.0,1,0.756593,0.62822,0.16154,0.945412,0.649671,0.604059,1.015,-1.0,0.434489,0.16957,0.280717,20,1,8,0.616059,0,1,SUCCESS
pair_354,228,33,228,33,0.0,1,0.72244,0.533734,0.152458,0.954123,0.617039,0.617039,1.02,-2.0,0.468843,0.148196,0.240173,20,0,0,0.617039,0,0,SUCCESS
pair_355,433,237,433,236,1.0,1,0.680853,0.438767,0.154567,0.95602,0.582212,0.582212,1.04,2.0,0.485501,0.096711,0.166109,20,0,0,0.582212,0,0,SUCCESS
pair_356,597,44,596,44,1.0,1,0.717626,0.517426,0.14689,0.929249,0.605764,0.605764,0.94,0.0,0.478799,0.126964,0.209594,20,0,0,0.605764,0,0,SUCCESS
pair_357,197,857,197,857,0.0,1,0.777325,0.564264,0.154893,0.968553,0.648472,0.648472,1.06,-2.0,0.578599,0.069873,0.107751,20,0,0,0.648472,0,0,SUCCESS
pair_358,121,827,121,827,0.0,1,0.793362,0.643704,0.166211,0.951615,0.669651,0.669651,1.06,1.0,0.464999,0.204652,0.305609,20,0,0,0.669651,0,0,SUCCESS
pair_359,216,623,215,622,1.4142,1,0.75512,0.425029,0.140965,0.973384,0.609923,0.609923,1.02,2.0,0.47326,0.136663,0.224067,20,0,0,0.609923,0,0,SUCCESS
pair_360,799,822,799,821,1.0,1,0.70022,0.510841,0.148154,0.928011,0.597489,0.597489,0.96,0.0,0.492431,0.105058,0.175832,20,0,0,0.597489,0,0,SUCCESS
pair_361,676,758,675,758,1.0,1,0.764044,0.397751,0.142257,0.939328,0.601485,0.601485,1.06,1.0,0.469782,0.131703,0.218963,20,0,0,0.601485,0,0,SUCCESS
pair_362,538,500,538,500,0.0,1,0.734486,0.612202,0.160838,0.901545,0.628712,0.628712,0.92,0.0,0.474568,0.154144,0.245174,20,0,0,0.628712,0,0,SUCCESS
pair_363,484,829,484,830,1.0,1,0.705473,0.44536,0.142516,0.926918,0.585148,0.585148,0.96,1.0,0.456078,0.12907,0.220576,20,0,0,0.585148,0,0,SUCCESS
pair_364,402,374,402,374,0.0,1,0.855772,0.66226,0.170041,0.967433,0.702255,0.65271,1.055,-1.0,0.570527,0.082184,0.125911,20,1,8,0.66471,1,0,SUCCESS
pair_365,318,338,317,337,1.4142,1,0.692605,0.483649,0.151498,0.956185,0.595308,0.595308,1.02,2.0,0.470814,0.124495,0.209127,20,0,0,0.595308,0,0,SUCCESS
pair_366,851,848,851,848,0.0,1,0.790086,0.544743,0.146595,0.974125,0.649127,0.649127,0.92,-2.0,0.495461,0.153666,0.236727,20,0,0,0.649127,0,0,SUCCESS
pair_367,248,72,248,72,0.0,1,0.782503,0.666156,0.170259,0.927097,0.665704,0.622044,1.035,-0.5,0.465652,0.156393,0.251417,20,1,8,0.634044,0,1,SUCCESS
pair_368,413,766,413,767,1.0,1,0.772078,0.47327,0.138621,0.94043,0.619295,0.619295,0.94,1.0,0.485262,0.134034,0.216429,20,0,0,0.619295,0,0,SUCCESS
pair_369,790,846,790,846,0.0,1,0.761528,0.511872,0.138399,0.960834,0.626832,0.573228,0.945,1.5,0.43138,0.141848,0.247455,20,1,8,0.585228,0,1,SUCCESS
pair_370,314,231,314,231,0.0,1,0.808072,0.651322,0.168478,0.93769,0.674727,0.674727,0.94,-1.0,0.476617,0.19811,0.293615,20,0,0,0.674727,0,0,SUCCESS
pair_371,645,192,645,192,0.0,1,0.725942,0.570562,0.158101,0.943698,0.624849,0.624849,1.02,-2.0,0.472725,0.152124,0.243457,20,0,0,0.624849,0,0,SUCCESS
pair_372,139,690,140,690,1.0,1,0.777599,0.42113,0.139064,0.952302,0.613539,0.613539,0.92,1.0,0.512877,0.100661,0.164067,20,0,0,0.613539,0,0,SUCCESS
pair_373,413,225,413,225,0.0,1,0.814613,0.605152,0.148238,0.928484,0.66222,0.66222,1.02,0.0,0.48571,0.17651,0.266543,20,0,0,0.66222,0,0,SUCCESS
pair_374,783,62,783,62,0.0,1,0.738341,0.591688,0.163869,0.93535,0.633518,0.633518,1.02,2.0,0.471864,0.161654,0.255168,20,0,0,0.633518,0,0,SUCCESS
pair_375,397,695,397,696,1.0,1,0.754979,0.455911,0.136905,0.951048,0.610764,0.610764,1.04,1.0,0.46048,0.150285,0.24606,20,0,0,0.610764,0,0,SUCCESS
pair_376,107,324,108,324,1.0,1,0.705767,0.48569,0.151529,0.92023,0.593797,0.593797,0.94,0.0,0.477319,0.116477,0.196157,20,0,0,0.593797,0,0,SUCCESS
pair_377,189,90,189,90,0.0,1,0.753952,0.440028,0.140472,0.93688,0.605057,0.605057,0.92,1.0,0.448232,0.156825,0.259191,20,0,0,0.605057,0,0,SUCCESS
pair_378,377,189,377,189,0.0,1,0.764148,0.604612,0.156657,0.930293,0.643972,0.643972,0.92,-1.0,0.483751,0.16022,0.2488,20,0,0,0.643972,0,0,SUCCESS
pair_379,768,628,768,628,0.0,1,0.835209,0.681084,0.17517,0.950168,0.695368,0.695368,1.0,1.0,0.531084,0.164284,0.236255,20,0,0,0.695368,0,0,SUCCESS
pair_380,380,439,380,439,0.0,1,0.804083,0.629249,0.162232,0.97352,0.674633,0.674633,0.94,2.0,0.49404,0.180593,0.267691,20,0,0,0.674633,0,0,SUCCESS
pair_381,437,550,437,550,0.0,1,0.82204,0.676622,0.168987,0.953605,0.688659,0.642157,0.995,-0.5,0.454937,0.18722,0.291549,20,1,8,0.654157,0,1,SUCCESS
pair_382,387,706,388,707,1.4142,1,0.716055,0.466087,0.139282,0.949212,0.597338,0.597338,0.98,-2.0,0.474955,0.122384,0.204881,20,0,0,0.597338,0,0,SUCCESS
pair_383,75,379,75,379,0.0,1,0.752074,0.658205,0.159191,0.907354,0.645779,0.645779,1.0,0.0,0.496511,0.149268,0.231145,20,0,0,0.645779,0,0,SUCCESS
pair_384,801,599,802,599,1.0,1,0.683212,0.452006,0.145831,0.944163,0.581685,0.581685,0.98,-1.0,0.505929,0.075756,0.130236,20,0,0,0.581685,0,0,SUCCESS
pair_385,296,817,296,817,0.0,1,0.801624,0.532364,0.14824,0.971718,0.651114,0.651114,1.04,-2.0,0.474854,0.17626,0.270705,20,0,0,0.651114,0,0,SUCCESS
pair_386,180,567,180,567,0.0,1,0.652104,0.471854,0.141175,0.936326,0.570713,0.521943,0.925,2.0,0.411968,0.109974,0.210702,20,1,8,0.533943,0,1,SUCCESS
pair_387,375,566,375,566,0.0,1,0.778685,0.635797,0.164254,0.930489,0.657582,0.657582,0.96,1.0,0.466889,0.190693,0.289992,20,0,0,0.657582,0,0,SUCCESS
pair_388,738,117,739,118,1.4142,1,0.757307,0.391694,0.141294,0.932129,0.595946,0.595946,1.02,-1.0,0.463408,0.132538,0.2224,20,0,0,0.595946,0,0,SUCCESS
pair_389,291,335,291,335,0.0,1,0.75752,0.665119,0.157955,0.934657,0.654554,0.611099,1.005,-1.5,0.406674,0.204425,0.33452,20,1,8,0.623099,0,1,SUCCESS
pair_390,620,113,620,113,0.0,1,0.733903,0.540421,0.151087,0.913173,0.614497,0.566719,1.035,-1.0,0.44505,0.121669,0.21469,20,1,8,0.578719,0,1,SUCCESS
pair_391,839,693,839,693,0.0,1,0.819589,0.597209,0.166325,0.977359,0.676014,0.676014,1.04,2.0,0.512306,0.163709,0.242167,20,0,0,0.676014,0,0,SUCCESS
pair_392,195,440,195,440,0.0,1,0.797621,0.584285,0.155596,0.975095,0.662044,0.662044,1.06,-2.0,0.482215,0.179828,0.271626,20,0,0,0.662044,0,0,SUCCESS
pair_393,105,134,105,133,1.0,1,0.710498,0.465921,0.152214,0.971512,0.602129,0.602129,1.04,2.0,0.514684,0.087445,0.145226,20,0,0,0.602129,0,0,SUCCESS
pair_394,609,612,609,612,0.0,1,0.8177,0.691567,0.176609,0.938557,0.688427,0.688427,1.06,0.0,0.496992,0.191435,0.278076,20,0,0,0.688427,0,0,SUCCESS
pair_395,641,264,641,264,0.0,1,0.777497,0.609286,0.157172,0.937007,0.651692,0.651692,0.92,1.0,0.449097,0.202595,0.310875,20,0,0,0.651692,0,0,SUCCESS
pair_396,299,244,299,244,0.0,1,0.805979,0.609134,0.159875,0.947058,0.665605,0.665605,1.06,-1.0,0.467669,0.197936,0.297378,20,0,0,0.665605,0,0,SUCCESS
pair_397,577,359,577,359,0.0,1,0.793122,0.676853,0.173252,0.953905,0.678051,0.633204,1.055,-1.5,0.53536,0.097844,0.154523,20,1,8,0.645204,1,0,SUCCESS
pair_398,616,171,616,171,0.0,1,0.817692,0.579715,0.152377,0.958601,0.665215,0.665215,1.06,-1.0,0.499616,0.165599,0.248941,20,0,0,0.665215,0,0,SUCCESS
pair_399,564,62,564,62,0.0,1,0.844241,0.74334,0.177758,0.96082,0.71408,0.71408,1.06,-1.0,0.486754,0.227326,0.318348,20,0,0,0.71408,0,0,SUCCESS
pair_400,687,861,687,861,0.0,1,0.865698,0.649493,0.166853,0.975193,0.704587,0.653359,0.995,1.5,0.618859,0.0345,0.052804,20,1,8,0.665359,1,0,SUCCESS
pair_401,136,246,137,246,1.0,1,0.727409,0.477317,0.152085,0.961808,0.609206,0.609206,1.04,2.0,0.503973,0.105233,0.172737,20,0,0,0.609206,0,0,SUCCESS
pair_402,594,810,594,810,0.0,1,0.818183,0.690742,0.164429,0.953362,0.68898,0.68898,0.96,1.0,0.4722,0.21678,0.314638,20,0,0,0.68898,0,0,SUCCESS
pair_403,81,678,81,678,0.0,1,0.789256,0.621843,0.162119,0.940757,0.660646,0.660646,0.96,1.0,0.473965,0.186681,0.282573,20,0,0,0.660646,0,0,SUCCESS
pair_404,655,565,655,565,0.0,1,0.674032,0.530939,0.159508,0.883745,0.584451,0.584451,0.94,0.0,0.474808,0.109643,0.1876,20,0,0,0.584451,0,0,SUCCESS
pair_405,220,241,220,241,0.0,1,0.8308,0.641272,0.167617,0.952397,0.684577,0.684577,0.98,0.0,0.53335,0.151227,0.220906,20,0,0,0.684577,0,0,SUCCESS
pair_406,226,741,226,741,0.0,1,0.87115,0.6414,0.151328,0.985195,0.704045,0.704045,0.96,-2.0,0.521076,0.182969,0.259883,20,0,0,0.704045,0,0,SUCCESS
pair_407,144,411,144,411,0.0,1,0.790456,0.509464,0.144192,0.916709,0.630255,0.57758,1.045,0.5,0.436384,0.141196,0.244461,20,1,8,0.58958,0,1,SUCCESS
pair_408,815,840,815,840,0.0,1,0.668303,0.481137,0.151284,0.937071,0.58122,0.58122,0.94,-2.0,0.473387,0.107833,0.185529,20,0,0,0.58122,0,0,SUCCESS
pair_409,474,424,474,424,0.0,1,0.791682,0.550234,0.142969,0.93435,0.642183,0.642183,0.96,1.0,0.498036,0.144147,0.224464,20,0,0,0.642183,0,0,SUCCESS
pair_410,323,296,324,296,1.0,1,0.777526,0.41536,0.141793,0.954271,0.613295,0.613295,1.02,2.0,0.507461,0.105835,0.172567,20,0,0,0.613295,0,0,SUCCESS
pair_411,506,866,506,866,0.0,1,0.812994,0.643494,0.155324,0.957207,0.676403,0.676403,0.94,1.0,0.517367,0.159036,0.23512,20,0,0,0.676403,0,0,SUCCESS
pair_412,252,189,252,189,0.0,1,0.770684,0.506413,0.147013,0.91223,0.621404,0.621404,1.02,0.0,0.466899,0.154506,0.248639,20,0,0,0.621404,0,0,SUCCESS
pair_413,813,793,814,794,1.4142,1,0.742183,0.434162,0.139555,0.965348,0.604686,0.604686,0.98,-2.0,0.463377,0.141309,0.23369,20,0,0,0.604686,0,0,SUCCESS
pair_414,231,429,232,430,1.4142,1,0.742773,0.450253,0.148894,0.960691,0.609077,0.609077,0.98,-1.0,0.498944,0.110133,0.180819,20,0,0,0.609077,0,0,SUCCESS
pair_415,260,374,261,374,1.0,1,0.698876,0.451433,0.141338,0.952677,0.58864,0.58864,1.02,-1.0,0.526662,0.061977,0.105289,20,0,0,0.58864,0,0,SUCCESS
pair_416,667,393,667,393,0.0,1,0.808539,0.662611,0.167971,0.949824,0.679497,0.633108,1.045,-0.5,0.460954,0.172154,0.271919,20,1,8,0.645108,0,1,SUCCESS
pair_417,513,701,513,701,0.0,1,0.747595,0.472255,0.148373,0.909231,0.60501,0.60501,1.04,-1.0,0.462341,0.142669,0.235813,20,0,0,0.60501,0,0,SUCCESS
pair_418,712,191,713,191,1.0,1,0.791963,0.447874,0.14166,0.980579,0.630808,0.630808,1.06,2.0,0.486846,0.143961,0.228218,20,0,0,0.630808,0,0,SUCCESS
pair_419,238,214,238,214,0.0,1,0.742776,0.541436,0.149849,0.92229,0.619825,0.619825,0.98,1.0,0.467765,0.152061,0.245328,20,0,0,0.619825,0,0,SUCCESS
pair_420,509,672,509,672,0.0,1,0.727966,0.611686,0.171086,0.915039,0.630748,0.630748,1.02,-1.0,0.441825,0.188924,0.299523,20,0,0,0.630748,0,0,SUCCESS
pair_421,857,353,857,353,0.0,1,0.77442,0.611389,0.168187,0.938637,0.653411,0.653411,1.02,1.0,0.481802,0.171608,0.262635,20,0,0,0.653411,0,0,SUCCESS
pair_422,547,876,548,876,1.0,1,0.703712,0.468574,0.145079,0.948809,0.593977,0.593977,0.94,1.0,0.494773,0.099204,0.167016,20,0,0,0.593977,0,0,SUCCESS
pair_423,797,425,797,425,0.0,1,0.774615,0.600171,0.152174,0.932657,0.646846,0.646846,0.94,1.0,0.565694,0.081153,0.125459,20,0,0,0.646846,0,0,SUCCESS
pair_424,637,284,637,283,1.0,1,0.694939,0.465839,0.138804,0.962663,0.591437,0.591437,0.94,1.0,0.490585,0.100852,0.17052,20,0,0,0.591437,0,0,SUCCESS
pair_425,627,320,627,320,0.0,1,0.741338,0.619516,0.16205,0.921981,0.637245,0.593157,0.995,0.5,0.438852,0.154305,0.260142,20,1,8,0.605157,0,1,SUCCESS
pair_426,875,245,875,245,0.0,1,0.777542,0.664425,0.166979,0.945653,0.666428,0.621839,0.955,1.5,0.458738,0.163101,0.262288,20,1,8,0.633839,0,1,SUCCESS
pair_427,5,257,5,257,0.0,1,0.777077,0.606419,0.155021,0.945951,0.652309,0.652309,0.96,1.0,0.45558,0.196728,0.301588,20,0,0,0.652309,0,0,SUCCESS
pair_428,367,385,368,386,1.4142,1,0.701256,0.470895,0.147137,0.958953,0.595899,0.595899,1.02,2.0,0.470601,0.125298,0.210268,20,0,0,0.595899,0,0,SUCCESS
pair_429,630,131,630,131,0.0,1,0.753346,0.645957,0.166992,0.916379,0.647204,0.604365,1.015,-0.5,0.427119,0.177246,0.293276,20,1,8,0.616365,0,1,SUCCESS
pair_430,367,137,367,137,0.0,1,0.806926,0.545013,0.140718,0.94396,0.648709,0.595451,0.995,-0.5,0.423798,0.171653,0.288275,20,1,8,0.607451,0,1,SUCCESS
pair_431,660,412,661,413,1.4142,1,0.731822,0.410048,0.138941,0.933549,0.589236,0.589236,0.98,1.0,0.503031,0.086205,0.1463,20,0,0,0.589236,0,0,SUCCESS
pair_432,425,159,425,159,0.0,1,0.839524,0.653111,0.155823,0.938007,0.685198,0.636768,0.995,-1.0,0.580714,0.056054,0.08803,20,1,8,0.648768,1,0,SUCCESS
pair_433,497,630,497,630,0.0,1,0.760403,0.648719,0.168808,0.92815,0.653296,0.609745,1.035,1.0,0.421174,0.188571,0.309262,20,1,8,0.621745,0,1,SUCCESS
pair_434,45,607,45,607,0.0,1,0.788511,0.68884,0.165389,0.925354,0.671321,0.671321,1.04,0.0,0.519934,0.151387,0.225506,20,0,0,0.671321,0,0,SUCCESS
pair_435,398,281,399,281,1.0,1,0.735682,0.430892,0.142166,0.92323,0.59353,0.59353,0.98,1.0,0.480943,0.112588,0.189691,20,0,0,0.59353,0,0,SUCCESS
pair_436,731,498,732,498,1.0,1,0.713651,0.468519,0.142564,0.952083,0.598094,0.598094,1.04,1.0,0.483828,0.114265,0.191049,20,0,0,0.598094,0,0,SUCCESS
pair_437,153,766,153,766,0.0,1,0.792004,0.50718,0.143937,0.920733,0.631171,0.631171,1.02,0.0,0.498403,0.132769,0.210353,20,0,0,0.631171,0,0,SUCCESS
pair_438,136,663,136,663,0.0,1,0.826336,0.538601,0.141759,0.948186,0.656244,0.656244,1.04,-1.0,0.451049,0.205194,0.31268,20,0,0,0.656244,0,0,SUCCESS
pair_439,752,343,752,343,0.0,1,0.853736,0.676273,0.166259,0.961099,0.702221,0.702221,0.98,1.0,0.52391,0.178311,0.253924,20,0,0,0.702221,0,0,SUCCESS
pair_440,718,758,718,758,0.0,1,0.806395,0.628315,0.170505,0.948153,0.671953,0.671953,0.92,0.0,0.512613,0.15934,0.23713,20,0,0,0.671953,0,0,SUCCESS
pair_441,472,369,471,369,1.0,1,0.696625,0.463596,0.144545,0.937128,0.587704,0.587704,1.02,0.0,0.488761,0.098943,0.168356,20,0,0,0.587704,0,0,SUCCESS
pair_442,603,880,603,880,0.0,1,0.778776,0.546984,0.156026,0.957271,0.643566,0.643566,0.92,-1.0,0.501398,0.142169,0.220908,20,0,0,0.643566,0,0,SUCCESS
pair_443,534,790,535,791,1.4142,1,0.756509,0.452584,0.13777,0.943028,0.60928,0.60928,0.94,1.0,0.477772,0.131508,0.215842,20,0,0,0.60928,0,0,SUCCESS
pair_444,434,188,434,188,0.0,1,0.78149,0.672297,0.16855,0.938424,0.66845,0.624497,0.925,-1.5,0.625084,-0.000587,0.0,20,1,8,0.636497,1,0,SUCCESS
pair_445,892,212,892,212,0.0,1,0.790217,0.574472,0.148224,0.970208,0.654668,0.654668,0.96,2.0,0.48548,0.169188,0.258433,20,0,0,0.654668,0,0,SUCCESS
pair_446,606,534,606,534,0.0,1,0.753375,0.614406,0.153727,0.93988,0.642952,0.596696,1.005,-0.5,0.477413,0.119283,0.199906,20,1,8,0.608696,0,1,SUCCESS
pair_447,497,707,497,707,0.0,1,0.837884,0.58277,0.14565,0.963455,0.673529,0.673529,0.94,-1.0,0.465246,0.208283,0.309242,20,0,0,0.673529,0,0,SUCCESS
pair_448,801,285,660,864,595.9211,0,0.7315,0.677033,0.186082,0.950262,0.655275,0.614343,1.0,0.0,0.611492,0.002851,0.004641,20,1,0,0.614343,1,0,CATASTROPHIC_WRONG_LOCATION|AMBIGUOUS|RECOVERY_USED
pair_449,393,816,393,816,0.0,1,0.855611,0.694611,0.169357,0.964881,0.708014,0.708014,0.96,1.0,0.496873,0.211141,0.298216,20,0,0,0.708014,0,0,SUCCESS
pair_450,881,578,881,578,0.0,1,0.797499,0.631624,0.160673,0.9471,0.666879,0.666879,1.06,1.0,0.468968,0.197911,0.296772,20,0,0,0.666879,0,0,SUCCESS
pair_451,358,342,359,343,1.4142,1,0.681873,0.456221,0.139637,0.969392,0.585799,0.585799,0.96,-2.0,0.477258,0.108541,0.185288,20,0,0,0.585799,0,0,SUCCESS
pair_452,241,587,241,587,0.0,1,0.803699,0.670772,0.164017,0.950347,0.678507,0.678507,1.0,1.0,0.482938,0.195569,0.288235,20,0,0,0.678507,0,0,SUCCESS
pair_453,12,511,12,511,0.0,1,0.777914,0.635545,0.162573,0.943985,0.659586,0.613397,0.995,1.0,0.454027,0.15937,0.259816,20,1,8,0.625397,0,1,SUCCESS
pair_454,518,63,517,62,1.4142,1,0.793994,0.409583,0.144093,0.97989,0.624311,0.624311,1.06,2.0,0.508576,0.115735,0.18538,20,0,0,0.624311,0,0,SUCCESS
pair_455,128,846,128,846,0.0,1,0.795834,0.631281,0.162485,0.943907,0.665868,0.618569,0.995,-0.5,0.445251,0.173318,0.280192,20,1,8,0.630569,0,1,SUCCESS
pair_456,311,96,311,95,1.0,1,0.702009,0.472024,0.147342,0.930752,0.590827,0.590827,1.04,-1.0,0.476182,0.114645,0.194041,20,0,0,0.590827,0,0,SUCCESS
pair_457,546,489,547,490,1.4142,1,0.70209,0.479228,0.150272,0.959072,0.598551,0.598551,1.04,2.0,0.496118,0.102433,0.171135,20,0,0,0.598551,0,0,SUCCESS
pair_458,771,76,771,76,0.0,1,0.779278,0.650549,0.169281,0.942996,0.664276,0.664276,0.92,1.0,0.484192,0.180084,0.271098,20,0,0,0.664276,0,0,SUCCESS
pair_459,149,21,149,21,0.0,1,0.800355,0.551414,0.156483,0.962684,0.654258,0.654258,1.04,1.0,0.519551,0.134707,0.205893,20,0,0,0.654258,0,0,SUCCESS
pair_460,179,460,179,460,0.0,1,0.786416,0.655464,0.161379,0.933287,0.664592,0.664592,0.96,0.0,0.508688,0.155904,0.234586,20,0,0,0.664592,0,0,SUCCESS
pair_461,481,331,481,331,0.0,1,0.730856,0.491221,0.143356,0.94687,0.608632,0.556474,0.955,1.5,0.472875,0.083599,0.15023,20,1,8,0.568474,0,1,SUCCESS
pair_462,619,263,619,263,0.0,1,0.741405,0.561227,0.151949,0.943613,0.62792,0.62792,0.94,-1.0,0.458574,0.169346,0.269693,20,0,0,0.62792,0,0,SUCCESS
pair_463,646,227,646,227,0.0,1,0.787168,0.653669,0.166312,0.92528,0.663919,0.663919,0.96,0.0,0.505358,0.158561,0.238826,20,0,0,0.663919,0,0,SUCCESS
pair_464,343,87,343,87,0.0,1,0.801976,0.63631,0.167782,0.932065,0.668022,0.668022,1.04,1.0,0.486462,0.181559,0.271786,20,0,0,0.668022,0,0,SUCCESS
pair_465,521,389,521,389,0.0,1,0.797524,0.543012,0.145995,0.953,0.647411,0.647411,0.96,-2.0,0.476209,0.171202,0.264441,20,0,0,0.647411,0,0,SUCCESS
pair_466,746,366,746,365,1.0,1,0.740083,0.452928,0.138267,0.937192,0.601711,0.601711,1.02,1.0,0.480852,0.120859,0.200859,20,0,0,0.601711,0,0,SUCCESS
pair_467,487,726,487,726,0.0,1,0.803054,0.616667,0.156096,0.949674,0.665709,0.665709,0.96,0.0,0.475913,0.189796,0.285104,20,0,0,0.665709,0,0,SUCCESS
pair_468,641,112,641,112,0.0,1,0.756856,0.667404,0.163747,0.908858,0.650744,0.650744,0.96,0.0,0.478437,0.172307,0.264785,20,0,0,0.650744,0,0,SUCCESS
pair_469,574,428,574,428,0.0,1,0.890273,0.592233,0.166487,0.986327,0.705119,0.649225,1.015,1.5,0.59165,0.057575,0.088682,20,1,8,0.661225,1,0,SUCCESS
pair_470,777,184,777,184,0.0,1,0.757448,0.630766,0.169822,0.946636,0.652424,0.607249,0.985,-0.5,0.43072,0.176529,0.290703,20,1,8,0.619249,0,1,SUCCESS
pair_471,359,660,359,659,1.0,1,0.748621,0.423871,0.136047,0.97608,0.606648,0.606648,1.02,-2.0,0.485249,0.121399,0.200115,20,0,0,0.606648,0,0,SUCCESS
pair_472,231,117,231,117,0.0,1,0.815036,0.664426,0.165065,0.966814,0.685275,0.685275,1.02,-2.0,0.512153,0.173122,0.252631,20,0,0,0.685275,0,0,SUCCESS
pair_473,455,514,455,514,0.0,1,0.749001,0.515686,0.144067,0.948211,0.621193,0.621193,1.0,-1.0,0.506675,0.114519,0.184352,20,0,0,0.621193,0,0,SUCCESS
pair_474,521,200,521,200,0.0,1,0.819172,0.6832,0.164493,0.953811,0.68797,0.641705,0.965,1.0,0.553169,0.088536,0.13797,20,1,8,0.653705,1,0,SUCCESS
pair_475,573,626,573,626,0.0,1,0.796222,0.61177,0.153078,0.963266,0.664111,0.664111,0.96,2.0,0.509007,0.155104,0.233551,20,0,0,0.664111,0,0,SUCCESS
pair_476,658,305,659,305,1.0,1,0.721982,0.440432,0.150501,0.946016,0.596183,0.596183,1.02,-1.0,0.501253,0.094929,0.159229,20,0,0,0.596183,0,0,SUCCESS
pair_477,97,13,97,13,0.0,1,0.836973,0.636469,0.169251,0.925747,0.681082,0.681082,1.0,0.0,0.615818,0.065264,0.095825,20,0,0,0.681082,0,0,SUCCESS
pair_478,765,42,766,43,1.4142,1,0.728653,0.464264,0.146311,0.969912,0.607559,0.607559,0.98,-2.0,0.456354,0.151205,0.248873,20,0,0,0.607559,0,0,SUCCESS
pair_479,418,104,418,104,0.0,1,0.785552,0.619419,0.16203,0.965992,0.663709,0.663709,1.04,-2.0,0.494203,0.169506,0.255392,20,0,0,0.663709,0,0,SUCCESS
pair_480,68,21,67,21,1.0,1,0.731628,0.43221,0.138597,0.917884,0.590389,0.590389,1.08,0.0,0.471568,0.118821,0.201259,20,0,0,0.590389,0,0,SUCCESS
pair_481,276,774,276,774,0.0,1,0.787192,0.616258,0.160707,0.960169,0.662304,0.613784,1.005,-1.0,0.438314,0.17547,0.285883,20,1,8,0.625784,0,1,SUCCESS
pair_482,314,72,314,72,0.0,1,0.776785,0.528317,0.144226,0.937752,0.632773,0.632773,0.98,-1.0,0.454987,0.177787,0.280964,20,0,0,0.632773,0,0,SUCCESS
pair_483,485,711,485,711,0.0,1,0.649291,0.455965,0.145931,0.903563,0.560808,0.51326,0.925,0.5,0.400476,0.112785,0.219742,20,1,8,0.52526,0,1,SUCCESS
pair_484,888,341,888,341,0.0,1,0.817797,0.658399,0.159115,0.963193,0.68326,0.68326,0.92,1.0,0.49405,0.18921,0.276923,20,0,0,0.68326,0,0,SUCCESS
pair_485,220,545,220,545,0.0,1,0.715541,0.493819,0.135426,0.917832,0.595632,0.545425,1.005,-0.5,0.508856,0.03657,0.067048,20,1,8,0.557425,1,1,SUCCESS
pair_486,284,609,284,609,0.0,1,0.73768,0.616663,0.165521,0.891278,0.629764,0.629764,0.92,0.0,0.458748,0.171016,0.271555,20,0,0,0.629764,0,0,SUCCESS
pair_487,883,856,883,856,0.0,1,0.798166,0.634881,0.168294,0.947951,0.669491,0.622344,1.015,0.5,0.452173,0.170171,0.273435,20,1,8,0.634344,0,1,SUCCESS
pair_488,354,491,355,492,1.4142,1,0.741877,0.424477,0.140399,0.958903,0.601507,0.601507,1.04,2.0,0.499824,0.101683,0.169047,20,0,0,0.601507,0,0,SUCCESS
pair_489,534,753,534,753,0.0,1,0.792579,0.627133,0.16276,0.943402,0.663691,0.663691,0.94,-1.0,0.469509,0.194181,0.292578,20,0,0,0.663691,0,0,SUCCESS
pair_490,631,146,631,146,0.0,1,0.772307,0.547,0.148711,0.930762,0.634217,0.583849,0.945,0.5,0.437439,0.146411,0.250768,20,1,8,0.595849,0,1,SUCCESS
pair_491,803,562,803,562,0.0,1,0.73336,0.516096,0.140674,0.906814,0.606061,0.556891,0.965,-0.5,0.447005,0.109886,0.19732,20,1,8,0.568891,0,1,SUCCESS
pair_492,549,382,550,382,1.0,1,0.773212,0.460262,0.136753,0.958497,0.620387,0.620387,0.96,-1.0,0.494396,0.125991,0.203084,20,0,0,0.620387,0,0,SUCCESS
pair_493,160,716,160,716,0.0,1,0.836224,0.667875,0.166709,0.947808,0.690968,0.643496,0.945,0.0,0.465477,0.178019,0.276643,20,1,8,0.655496,0,1,SUCCESS
pair_494,298,680,298,680,0.0,1,0.805674,0.512114,0.145586,0.944301,0.64267,0.64267,1.04,-1.0,0.461782,0.180888,0.281463,20,0,0,0.64267,0,0,SUCCESS
pair_495,241,252,241,252,0.0,1,0.79018,0.637082,0.164472,0.958061,0.667995,0.667995,0.96,-2.0,0.480973,0.187022,0.279975,20,0,0,0.667995,0,0,SUCCESS
pair_496,340,526,340,526,0.0,1,0.77525,0.621158,0.162739,0.939223,0.654724,0.608195,1.005,1.0,0.413269,0.194926,0.3205,20,1,8,0.620195,0,1,SUCCESS
pair_497,792,281,792,280,1.0,1,0.702112,0.45826,0.153106,0.941928,0.591504,0.591504,1.08,1.0,0.520254,0.07125,0.120456,20,0,0,0.591504,0,0,SUCCESS
pair_498,612,874,611,874,1.0,1,0.69019,0.476057,0.147989,0.956907,0.592267,0.592267,1.0,1.0,0.494535,0.097732,0.165014,20,0,0,0.592267,0,0,SUCCESS
pair_499,493,464,493,464,0.0,1,0.824509,0.687697,0.168621,0.964943,0.694056,0.694056,1.0,2.0,0.618136,0.07592,0.109386,20,0,0,0.694056,0,0,SUCCESS
pair_500,33,861,33,862,1.0,1,0.704506,0.453875,0.142318,0.954566,0.591954,0.591954,0.96,-2.0,0.465731,0.126223,0.213231,20,0,0,0.591954,0,0,SUCCESS
pair_501,616,143,616,143,0.0,1,0.717344,0.49698,0.14218,0.895999,0.593969,0.593969,0.94,0.0,0.464314,0.129656,0.218287,20,0,0,0.593969,0,0,SUCCESS
pair_502,400,222,400,222,0.0,1,0.783368,0.657095,0.162891,0.944176,0.66618,0.620802,0.965,-1.5,0.453154,0.167648,0.27005,20,1,8,0.632802,0,1,SUCCESS
pair_503,413,347,414,347,1.0,1,0.748136,0.427079,0.152563,0.948672,0.604918,0.604918,1.02,1.0,0.512695,0.092223,0.152455,20,0,0,0.604918,0,0,SUCCESS
pair_504,760,870,759,869,1.4142,1,0.774476,0.436469,0.140956,0.947847,0.614845,0.614845,1.06,-1.0,0.504018,0.110827,0.180252,20,0,0,0.614845,0,0,SUCCESS
pair_505,186,363,186,363,0.0,1,0.842796,0.687738,0.161935,0.969191,0.700891,0.652775,0.955,-0.5,0.448186,0.204589,0.313414,20,1,8,0.664775,0,1,SUCCESS
pair_506,221,498,221,498,0.0,1,0.778133,0.491576,0.140558,0.96478,0.630636,0.630636,1.06,-2.0,0.513965,0.116672,0.185006,20,0,0,0.630636,0,0,SUCCESS
pair_507,877,736,877,736,0.0,1,0.823158,0.692371,0.168695,0.946016,0.69068,0.69068,1.02,-1.0,0.509021,0.181659,0.263015,20,0,0,0.69068,0,0,SUCCESS
pair_508,710,720,711,720,1.0,1,0.747646,0.410918,0.135837,0.954098,0.599229,0.599229,0.98,-1.0,0.498834,0.100395,0.16754,20,0,0,0.599229,0,0,SUCCESS
pair_509,403,739,403,739,0.0,1,0.799207,0.647971,0.158141,0.959526,0.672811,0.672811,1.02,-1.0,0.504346,0.168464,0.250389,20,0,0,0.672811,0,0,SUCCESS
pair_510,893,889,893,889,0.0,1,0.897974,0.604666,0.159529,0.959037,0.703836,0.649195,0.985,0.5,0.595361,0.053835,0.082925,20,1,8,0.661195,1,0,SUCCESS
pair_511,861,502,862,502,1.0,1,0.720742,0.416815,0.140022,0.922834,0.584231,0.584231,0.94,1.0,0.477113,0.107118,0.183348,20,0,0,0.584231,0,0,SUCCESS
pair_512,540,596,540,596,0.0,1,0.803111,0.617201,0.158312,0.958572,0.668061,0.668061,0.96,1.0,0.484147,0.183914,0.275295,20,0,0,0.668061,0,0,SUCCESS
pair_513,330,806,330,806,0.0,1,0.80957,0.645681,0.155127,0.957135,0.675417,0.675417,0.92,-1.0,0.509952,0.165464,0.244981,20,0,0,0.675417,0,0,SUCCESS
pair_514,253,301,253,301,0.0,1,0.792231,0.630931,0.163127,0.953758,0.666456,0.666456,0.94,1.0,0.571627,0.094829,0.142288,20,0,0,0.666456,0,0,SUCCESS
pair_515,765,150,765,150,0.0,1,0.786278,0.642732,0.167033,0.952609,0.666986,0.62053,0.945,2.0,0.585709,0.034822,0.056116,20,1,8,0.63253,1,1,SUCCESS
pair_516,874,524,874,524,0.0,1,0.706082,0.489333,0.142865,0.92117,0.593107,0.593107,1.0,-1.0,0.466837,0.126269,0.212895,20,0,0,0.593107,0,0,SUCCESS
pair_517,162,774,163,774,1.0,1,0.674,0.470708,0.151123,0.93413,0.580792,0.580792,0.96,-2.0,0.479663,0.101129,0.174123,20,0,0,0.580792,0,0,SUCCESS
pair_518,477,222,476,222,1.0,1,0.77858,0.454713,0.142677,0.976849,0.62628,0.62628,1.02,-2.0,0.48944,0.136839,0.218496,20,0,0,0.62628,0,0,SUCCESS
pair_519,119,148,119,148,0.0,1,0.749899,0.615568,0.149354,0.926752,0.638294,0.592708,1.015,1.5,0.43025,0.162458,0.274095,20,1,8,0.604708,0,1,SUCCESS
pair_520,296,482,296,481,1.0,1,0.747431,0.446337,0.147331,0.941208,0.605948,0.605948,1.02,0.0,0.507999,0.097949,0.161646,20,0,0,0.605948,0,0,SUCCESS
pair_521,41,736,42,737,1.4142,1,0.729151,0.470781,0.143664,0.972845,0.609118,0.609118,0.98,-2.0,0.47047,0.138649,0.227622,20,0,0,0.609118,0,0,SUCCESS
pair_522,67,813,67,814,1.0,1,0.748286,0.438177,0.136493,0.936471,0.601542,0.601542,0.96,-1.0,0.472694,0.128849,0.214197,20,0,0,0.601542,0,0,SUCCESS
pair_523,63,756,63,757,1.0,1,0.704905,0.414639,0.135899,0.971048,0.586279,0.586279,0.96,-2.0,0.461727,0.124552,0.212445,20,0,0,0.586279,0,0,SUCCESS
pair_524,114,747,114,747,0.0,1,0.842813,0.668974,0.164119,0.966807,0.697105,0.648279,0.945,-1.0,0.624602,0.023677,0.036522,20,1,8,0.660279,1,0,SUCCESS
pair_525,745,165,745,165,0.0,1,0.707302,0.548983,0.154368,0.943247,0.61224,0.61224,1.02,-2.0,0.48433,0.12791,0.208921,20,0,0,0.61224,0,0,SUCCESS
pair_526,341,785,341,785,0.0,1,0.759014,0.5478,0.147789,0.976765,0.638077,0.638077,1.0,2.0,0.463713,0.174364,0.273265,20,0,0,0.638077,0,0,SUCCESS
pair_527,315,467,315,467,0.0,1,0.773179,0.607903,0.163868,0.926244,0.648875,0.648875,1.06,-1.0,0.478678,0.170197,0.262295,20,0,0,0.648875,0,0,SUCCESS
pair_528,99,300,100,300,1.0,1,0.733881,0.511754,0.14651,0.944597,0.614125,0.614125,1.02,0.0,0.491821,0.122304,0.199151,20,0,0,0.614125,0,0,SUCCESS
pair_529,889,777,888,777,1.0,1,0.697349,0.469349,0.150085,0.959529,0.594732,0.594732,0.96,-2.0,0.499597,0.095135,0.159962,20,0,0,0.594732,0,0,SUCCESS
pair_530,516,105,517,106,1.4142,1,0.693067,0.456801,0.146437,0.960946,0.590063,0.590063,0.96,2.0,0.472694,0.117369,0.198909,20,0,0,0.590063,0,0,SUCCESS
pair_531,807,94,0,364,850.9694,0,0.777124,0.646083,0.188864,0.948905,0.66762,0.623066,1.0,0.0,0.62141,0.001656,0.002658,20,1,0,0.623066,1,0,CATASTROPHIC_WRONG_LOCATION|AMBIGUOUS|RECOVERY_USED
pair_532,649,866,649,866,0.0,1,0.757131,0.581563,0.15803,0.903766,0.631524,0.631524,1.06,0.0,0.464891,0.166633,0.263858,20,0,0,0.631524,0,0,SUCCESS
pair_533,92,863,91,863,1.0,1,0.701759,0.486416,0.151966,0.915845,0.591549,0.591549,1.04,0.0,0.462481,0.129069,0.218187,20,0,0,0.591549,0,0,SUCCESS
pair_534,382,25,383,25,1.0,1,0.677973,0.455936,0.142615,0.958506,0.5826,0.530704,1.065,1.5,0.443408,0.087296,0.16449,20,1,8,0.542704,0,1,SUCCESS
pair_535,14,873,14,873,0.0,1,0.708839,0.566939,0.158131,0.923315,0.613212,0.613212,1.04,1.0,0.475216,0.137996,0.225039,20,0,0,0.613212,0,0,SUCCESS
pair_536,475,199,475,199,0.0,1,0.782775,0.662682,0.165444,0.934757,0.665687,0.621216,1.015,0.5,0.431194,0.190023,0.305888,20,1,8,0.633216,0,1,SUCCESS
pair_537,726,835,850,440,414.006,0,0.793679,0.713565,0.193149,0.974374,0.693689,0.650622,1.0,0.0,0.642703,0.007919,0.012172,20,1,0,0.650622,1,0,CATASTROPHIC_WRONG_LOCATION|AMBIGUOUS|RECOVERY_USED
pair_538,499,127,499,127,0.0,1,0.824817,0.584109,0.143094,0.964711,0.66831,0.66831,0.92,-1.0,0.479688,0.188622,0.282237,20,0,0,0.66831,0,0,SUCCESS
pair_539,838,558,838,558,0.0,1,0.810241,0.705836,0.170144,0.922599,0.683812,0.683812,1.04,0.0,0.494596,0.189216,0.276707,20,0,0,0.683812,0,0,SUCCESS
pair_540,84,591,84,591,0.0,1,0.750345,0.45956,0.145276,0.922056,0.605516,0.605516,1.06,1.0,0.542546,0.06297,0.103995,20,0,0,0.605516,0,0,SUCCESS
pair_541,499,203,499,203,0.0,1,0.690235,0.483315,0.150238,0.916886,0.586182,0.586182,0.94,0.0,0.499217,0.086965,0.148358,20,0,0,0.586182,0,0,SUCCESS
pair_542,369,12,369,12,0.0,1,0.774784,0.638428,0.165354,0.931382,0.656947,0.611827,1.055,-1.0,0.415581,0.196246,0.320755,20,1,8,0.623827,0,1,SUCCESS
pair_543,318,327,318,326,1.0,1,0.706999,0.507836,0.156635,0.91665,0.599024,0.599024,1.02,0.0,0.56962,0.029404,0.049087,20,0,0,0.599024,0,0,SUCCESS
pair_544,232,238,232,238,0.0,1,0.845321,0.716321,0.170457,0.95153,0.70579,0.70579,0.94,0.0,0.521088,0.184702,0.261695,20,0,0,0.70579,0,0,SUCCESS
pair_545,59,133,59,133,0.0,1,0.811832,0.543724,0.153881,0.95245,0.654744,0.654744,1.0,1.0,0.589991,0.064753,0.098898,20,0,0,0.654744,0,0,SUCCESS
pair_546,552,112,552,112,0.0,1,0.790882,0.669331,0.157595,0.945835,0.670905,0.625415,0.945,-0.5,0.455921,0.169494,0.271011,20,1,8,0.637415,0,1,SUCCESS
pair_547,773,500,773,500,0.0,1,0.808217,0.674404,0.171442,0.944903,0.681436,0.636073,0.945,-0.5,0.450006,0.186066,0.292524,20,1,8,0.648073,0,1,SUCCESS
pair_548,33,692,34,692,1.0,1,0.746375,0.441047,0.13997,0.95117,0.604987,0.604987,0.96,-1.0,0.484032,0.120955,0.19993,20,0,0,0.604987,0,0,SUCCESS
pair_549,107,365,106,364,1.4142,1,0.721844,0.385236,0.13905,0.939926,0.58158,0.58158,1.02,-1.0,0.44581,0.13577,0.233451,20,0,0,0.58158,0,0,SUCCESS
pair_550,609,493,610,493,1.0,1,0.774536,0.471218,0.143161,0.966927,0.626076,0.626076,0.98,-2.0,0.502302,0.123774,0.197698,20,0,0,0.626076,0,0,SUCCESS
pair_551,529,726,529,726,0.0,1,0.863454,0.713554,0.166206,0.976457,0.716625,0.716625,1.0,2.0,0.518759,0.197866,0.276108,20,0,0,0.716625,0,0,SUCCESS
pair_552,188,809,188,809,0.0,1,0.859746,0.671257,0.170755,0.967467,0.705794,0.705794,0.94,-1.0,0.510571,0.195223,0.2766,20,0,0,0.705794,0,0,SUCCESS
pair_553,625,285,626,286,1.4142,1,0.791312,0.475635,0.138932,0.974274,0.634293,0.634293,0.98,-1.0,0.468341,0.165952,0.261633,20,0,0,0.634293,0,0,SUCCESS
pair_554,536,265,535,265,1.0,1,0.776686,0.412684,0.143247,0.971138,0.616088,0.616088,1.06,2.0,0.488712,0.127377,0.206751,20,0,0,0.616088,0,0,SUCCESS
pair_555,382,178,382,178,0.0,1,0.718755,0.558705,0.146808,0.934371,0.615479,0.615479,0.92,1.0,0.478928,0.136551,0.221861,20,0,0,0.615479,0,0,SUCCESS
pair_556,267,419,268,419,1.0,1,0.699596,0.460084,0.14652,0.962695,0.593698,0.593698,0.94,2.0,0.500296,0.093402,0.157322,20,0,0,0.593698,0,0,SUCCESS
pair_557,152,702,152,702,0.0,1,0.720662,0.545995,0.15338,0.899306,0.608001,0.608001,1.06,0.0,0.457964,0.150037,0.246772,20,0,0,0.608001,0,0,SUCCESS
pair_558,53,98,53,98,0.0,1,0.732943,0.559218,0.164842,0.925961,0.623181,0.576439,0.985,-0.5,0.419584,0.156856,0.272111,20,1,8,0.588439,0,1,SUCCESS
pair_559,405,580,405,580,0.0,1,0.783505,0.672802,0.16343,0.951547,0.670958,0.670958,1.06,2.0,0.503296,0.167662,0.249884,20,0,0,0.670958,0,0,SUCCESS
pair_560,100,383,99,383,1.0,1,0.77871,0.440291,0.144713,0.928068,0.614098,0.614098,1.06,-1.0,0.496527,0.117572,0.191454,20,0,0,0.614098,0,0,SUCCESS
pair_561,545,553,546,553,1.0,1,0.759426,0.476827,0.145125,0.962976,0.620756,0.620756,1.06,-1.0,0.49569,0.125066,0.201474,20,0,0,0.620756,0,0,SUCCESS
pair_562,857,5,858,5,1.0,1,0.744548,0.466117,0.146603,0.960699,0.612503,0.612503,1.06,-1.0,0.480776,0.131727,0.215064,20,0,0,0.612503,0,0,SUCCESS
pair_563,812,20,812,20,0.0,1,0.812795,0.667285,0.162234,0.944369,0.679896,0.679896,1.0,1.0,0.61392,0.065975,0.097037,20,0,0,0.679896,0,0,SUCCESS
pair_564,328,564,328,564,0.0,1,0.78242,0.59499,0.15777,0.954152,0.65435,0.65435,1.04,-2.0,0.486913,0.167437,0.255884,20,0,0,0.65435,0,0,SUCCESS
pair_565,523,234,522,233,1.4142,1,0.70318,0.473893,0.146556,0.939334,0.593229,0.593229,1.02,1.0,0.484344,0.108884,0.183545,20,0,0,0.593229,0,0,SUCCESS
pair_566,118,204,118,204,0.0,1,0.792642,0.684151,0.165953,0.931945,0.673467,0.673467,0.96,1.0,0.493178,0.180289,0.267703,20,0,0,0.673467,0,0,SUCCESS
pair_567,275,680,274,679,1.4142,1,0.766251,0.40378,0.141284,0.970182,0.60955,0.60955,1.02,-2.0,0.467314,0.142236,0.233346,20,0,0,0.60955,0,0,SUCCESS
pair_568,853,757,853,757,0.0,1,0.761853,0.651489,0.158136,0.921311,0.650929,0.650929,1.0,-1.0,0.478383,0.172546,0.265076,20,0,0,0.650929,0,0,SUCCESS
pair_569,593,777,594,777,1.0,1,0.713448,0.391961,0.137432,0.952516,0.581761,0.581761,0.98,2.0,0.473072,0.108689,0.186828,20,0,0,0.581761,0,0,SUCCESS
pair_570,53,684,53,684,0.0,1,0.851888,0.571,0.151515,0.977092,0.680676,0.680676,1.06,2.0,0.470958,0.209718,0.308102,20,0,0,0.680676,0,0,SUCCESS
pair_571,860,715,860,715,0.0,1,0.77538,0.614407,0.164061,0.933557,0.652557,0.606034,1.055,-1.0,0.427629,0.178405,0.294381,20,1,8,0.618034,0,1,SUCCESS
pair_572,21,195,21,195,0.0,1,0.805359,0.706329,0.170259,0.940913,0.685644,0.642159,0.965,0.0,0.475221,0.166939,0.259964,20,1,8,0.654159,0,1,SUCCESS
pair_573,720,108,719,107,1.4142,1,0.694198,0.478056,0.139296,0.958974,0.592945,0.592945,0.96,1.0,0.483869,0.109075,0.183955,20,0,0,0.592945,0,0,SUCCESS
pair_574,385,226,386,226,1.0,1,0.728095,0.467452,0.141473,0.978543,0.608732,0.608732,1.02,2.0,0.500679,0.108052,0.177504,20,0,0,0.608732,0,0,SUCCESS
pair_575,709,125,709,125,0.0,1,0.823627,0.63245,0.162284,0.974515,0.683301,0.683301,1.06,2.0,0.501804,0.181497,0.265618,20,0,0,0.683301,0,0,SUCCESS
pair_576,62,38,62,39,1.0,1,0.740063,0.39346,0.141183,0.948593,0.592672,0.592672,1.06,-1.0,0.45567,0.137003,0.231161,20,0,0,0.592672,0,0,SUCCESS
pair_577,200,251,200,251,0.0,1,0.687718,0.513479,0.151682,0.899918,0.588103,0.588103,1.0,1.0,0.435714,0.152389,0.259119,20,0,0,0.588103,0,0,SUCCESS
pair_578,570,84,570,84,0.0,1,0.76436,0.627107,0.161666,0.936555,0.65081,0.65081,0.96,-1.0,0.481287,0.169522,0.260479,20,0,0,0.65081,0,0,SUCCESS
pair_579,436,552,436,552,0.0,1,0.826385,0.603224,0.163442,0.950183,0.673924,0.673924,0.98,-1.0,0.514969,0.158954,0.235864,20,0,0,0.673924,0,0,SUCCESS
pair_580,521,800,521,800,0.0,1,0.736627,0.604956,0.16298,0.919184,0.632075,0.632075,0.96,1.0,0.453956,0.178119,0.281801,20,0,0,0.632075,0,0,SUCCESS
pair_581,170,72,170,72,0.0,1,0.817108,0.675718,0.169343,0.943614,0.684578,0.684578,1.0,1.0,0.48262,0.201958,0.295011,20,0,0,0.684578,0,0,SUCCESS
pair_582,635,825,634,825,1.0,1,0.744591,0.498597,0.145607,0.955575,0.617792,0.617792,0.92,-1.0,0.49019,0.127602,0.206546,20,0,0,0.617792,0,0,SUCCESS
pair_583,588,132,588,132,0.0,1,0.740618,0.5512,0.140635,0.914078,0.61743,0.61743,0.92,0.0,0.488633,0.128797,0.208602,20,0,0,0.61743,0,0,SUCCESS
pair_584,41,157,41,157,0.0,1,0.867246,0.719271,0.173032,0.9631,0.717979,0.717979,1.08,0.0,0.51921,0.19877,0.276846,20,0,0,0.717979,0,0,SUCCESS
pair_585,75,456,74,455,1.4142,1,0.787829,0.39166,0.141084,0.940766,0.609834,0.609834,1.08,-1.0,0.474072,0.135762,0.222621,20,0,0,0.609834,0,0,SUCCESS
pair_586,626,500,627,501,1.4142,1,0.729605,0.482007,0.149855,0.965013,0.611217,0.611217,0.98,2.0,0.499916,0.111301,0.182097,20,0,0,0.611217,0,0,SUCCESS
pair_587,562,612,562,612,0.0,1,0.758108,0.614894,0.168843,0.913569,0.642704,0.642704,0.92,0.0,0.492058,0.150646,0.234394,20,0,0,0.642704,0,0,SUCCESS
pair_588,122,260,122,261,1.0,1,0.725162,0.50854,0.141495,0.953822,0.610836,0.610836,0.96,1.0,0.491374,0.119462,0.195571,20,0,0,0.610836,0,0,SUCCESS
pair_589,327,747,327,747,0.0,1,0.754805,0.627862,0.162369,0.930979,0.646164,0.646164,1.02,-1.0,0.462064,0.1841,0.284912,20,0,0,0.646164,0,0,SUCCESS
pair_590,384,99,384,99,0.0,1,0.727683,0.620047,0.167462,0.912973,0.63117,0.588512,0.945,1.0,0.426772,0.16174,0.274829,20,1,8,0.600512,0,1,SUCCESS
pair_591,309,491,309,491,0.0,1,0.801659,0.634185,0.158854,0.943973,0.668066,0.620436,0.965,-0.5,0.460975,0.159461,0.257014,20,1,8,0.632436,0,1,SUCCESS
pair_592,196,81,196,81,0.0,1,0.768553,0.62707,0.160235,0.947991,0.654481,0.608019,1.045,-2.0,0.432044,0.175975,0.289423,20,1,8,0.620019,0,1,SUCCESS
pair_593,136,534,136,534,0.0,1,0.784352,0.620366,0.163254,0.966792,0.663823,0.663823,1.06,2.0,0.481979,0.181844,0.273935,20,0,0,0.663823,0,0,SUCCESS
pair_594,312,139,312,139,0.0,1,0.761192,0.591224,0.16001,0.961826,0.647089,0.647089,1.06,-2.0,0.495559,0.15153,0.234172,20,0,0,0.647089,0,0,SUCCESS
pair_595,882,764,883,765,1.4142,1,0.667988,0.473043,0.151603,0.940411,0.580206,0.580206,1.04,2.0,0.469286,0.11092,0.191174,20,0,0,0.580206,0,0,SUCCESS
pair_596,50,784,51,785,1.4142,1,0.770585,0.448123,0.140461,0.957189,0.617389,0.617389,0.98,1.0,0.497139,0.12025,0.194772,20,0,0,0.617389,0,0,SUCCESS
pair_597,768,136,768,136,0.0,1,0.82612,0.662078,0.162756,0.943292,0.684073,0.636845,0.955,0.0,0.471266,0.165578,0.259998,20,1,8,0.648845,0,1,SUCCESS
pair_598,295,730,295,730,0.0,1,0.820716,0.620205,0.149298,0.944903,0.671168,0.671168,0.92,0.0,0.491371,0.179797,0.267887,20,0,0,0.671168,0,0,SUCCESS
pair_599,452,680,452,680,0.0,1,0.749482,0.504773,0.142175,0.93951,0.617085,0.617085,0.94,1.0,0.443201,0.173883,0.281782,20,0,0,0.617085,0,0,SUCCESS
pair_600,232,100,232,101,1.0,1,0.752871,0.432875,0.14044,0.96413,0.608638,0.608638,1.06,2.0,0.464988,0.14365,0.236018,20,0,0,0.608638,0,0,SUCCESS
pair_601,126,186,126,185,1.0,1,0.69454,0.480141,0.147925,0.954444,0.594318,0.594318,1.0,2.0,0.493634,0.100684,0.169412,20,0,0,0.594318,0,0,SUCCESS
pair_602,5,881,5,881,0.0,1,0.786717,0.617467,0.146227,0.908105,0.649047,0.60249,0.985,0.0,0.411345,0.191146,0.317259,20,1,8,0.61449,0,1,SUCCESS
pair_603,503,870,503,869,1.0,1,0.688632,0.468632,0.141376,0.970496,0.591554,0.591554,0.92,2.0,0.461637,0.129917,0.219619,20,0,0,0.591554,0,0,SUCCESS
pair_604,277,419,278,420,1.4142,1,0.694922,0.45663,0.148368,0.94888,0.588744,0.588744,0.94,-1.0,0.464573,0.124172,0.210909,20,0,0,0.588744,0,0,SUCCESS
pair_605,235,666,235,666,0.0,1,0.772256,0.499898,0.142751,0.956193,0.628671,0.628671,0.92,-1.0,0.455298,0.173372,0.275776,20,0,0,0.628671,0,0,SUCCESS
pair_606,501,174,501,174,0.0,1,0.827043,0.566137,0.148071,0.976498,0.668958,0.668958,0.98,-2.0,0.555334,0.113624,0.169852,20,0,0,0.668958,0,0,SUCCESS
pair_607,811,417,811,417,0.0,1,0.733357,0.438264,0.142385,0.950686,0.59961,0.59961,0.94,-2.0,0.444261,0.155349,0.259083,20,0,0,0.59961,0,0,SUCCESS
pair_608,442,624,442,625,1.0,1,0.746201,0.472737,0.151131,0.950495,0.613353,0.613353,1.06,-1.0,0.572822,0.040531,0.066081,20,0,0,0.613353,0,0,SUCCESS
pair_609,203,161,203,161,0.0,1,0.768375,0.581337,0.146503,0.913707,0.635659,0.587947,0.955,-0.5,0.422785,0.165162,0.280913,20,1,8,0.599947,0,1,SUCCESS
pair_610,340,782,340,782,0.0,1,0.79785,0.625951,0.156411,0.949543,0.665521,0.61727,0.965,-0.5,0.458067,0.159202,0.257913,20,1,8,0.62927,0,1,SUCCESS
pair_611,192,749,192,749,0.0,1,0.80785,0.592825,0.147656,0.952179,0.661672,0.661672,1.04,-1.0,0.492193,0.169479,0.256137,20,0,0,0.661672,0,0,SUCCESS
pair_612,783,458,783,458,0.0,1,0.802134,0.621311,0.156671,0.945192,0.665488,0.617021,0.965,0.5,0.451202,0.165819,0.268741,20,1,8,0.629021,0,1,SUCCESS
pair_613,527,342,527,342,0.0,1,0.759367,0.662631,0.158565,0.899756,0.647937,0.647937,1.04,0.0,0.510141,0.137797,0.21267,20,0,0,0.647937,0,0,SUCCESS
pair_614,410,321,410,321,0.0,1,0.69086,0.443608,0.150215,0.94103,0.583315,0.583315,1.02,-1.0,0.477703,0.105612,0.181054,20,0,0,0.583315,0,0,SUCCESS
pair_615,795,503,795,503,0.0,1,0.741255,0.614499,0.156262,0.940156,0.638685,0.638685,0.94,2.0,0.482227,0.156458,0.244969,20,0,0,0.638685,0,0,SUCCESS
pair_616,56,409,57,410,1.4142,1,0.70611,0.420801,0.138381,0.92793,0.579867,0.526124,1.065,1.0,0.433606,0.092518,0.175848,20,1,8,0.538124,0,1,SUCCESS
pair_617,110,521,110,521,0.0,1,0.749678,0.530123,0.143953,0.936301,0.621946,0.571351,0.995,-1.5,0.423443,0.147909,0.258875,20,1,8,0.583351,0,1,SUCCESS
pair_618,602,239,602,240,1.0,1,0.689728,0.473624,0.147423,0.95508,0.591117,0.591117,1.0,1.0,0.523769,0.067348,0.113933,20,0,0,0.591117,0,0,SUCCESS
pair_619,432,786,431,786,1.0,1,0.815304,0.448427,0.143919,0.960674,0.636725,0.636725,1.08,-1.0,0.533885,0.10284,0.161514,20,0,0,0.636725,0,0,SUCCESS
pair_620,369,71,369,71,0.0,1,0.766683,0.511977,0.142965,0.968122,0.631286,0.631286,0.92,2.0,0.443799,0.187487,0.296993,20,0,0,0.631286,0,0,SUCCESS
pair_621,355,406,356,406,1.0,1,0.723184,0.435955,0.144632,0.956253,0.596642,0.596642,1.06,-2.0,0.507849,0.088793,0.148821,20,0,0,0.596642,0,0,SUCCESS
pair_622,578,351,578,351,0.0,1,0.854072,0.647176,0.165487,0.974232,0.699008,0.699008,0.94,1.0,0.520333,0.178675,0.255612,20,0,0,0.699008,0,0,SUCCESS
pair_623,15,878,15,878,0.0,1,0.737246,0.518847,0.140585,0.910669,0.608918,0.608918,0.96,0.0,0.475852,0.133066,0.218529,20,0,0,0.608918,0,0,SUCCESS
pair_624,725,20,725,20,0.0,1,0.854068,0.705044,0.172175,0.959528,0.708977,0.708977,1.0,1.0,0.514575,0.194402,0.2742,20,0,0,0.708977,0,0,SUCCESS
pair_625,729,449,729,449,0.0,1,0.817533,0.578277,0.151894,0.955858,0.664219,0.664219,1.02,1.0,0.488362,0.175856,0.264757,20,0,0,0.664219,0,0,SUCCESS
pair_626,360,286,361,287,1.4142,1,0.713968,0.44429,0.14612,0.969701,0.59761,0.59761,0.98,2.0,0.490205,0.107405,0.179725,20,0,0,0.59761,0,0,SUCCESS
pair_627,567,705,567,705,0.0,1,0.786899,0.473554,0.140845,0.932927,0.624225,0.624225,1.02,1.0,0.4797,0.144525,0.231527,20,0,0,0.624225,0,0,SUCCESS
pair_628,617,328,617,328,0.0,1,0.77052,0.654162,0.162227,0.951203,0.661726,0.61646,0.995,-1.5,0.466648,0.149811,0.243019,20,1,8,0.62846,0,1,SUCCESS
pair_629,7,131,7,131,0.0,1,0.809773,0.546895,0.151096,0.965547,0.656617,0.656617,0.96,1.0,0.476078,0.180539,0.274953,20,0,0,0.656617,0,0,SUCCESS
pair_630,848,647,848,647,0.0,1,0.885129,0.606383,0.150825,0.973597,0.700213,0.700213,1.02,-1.0,0.51778,0.182432,0.260539,20,0,0,0.700213,0,0,SUCCESS
pair_631,872,298,872,298,0.0,1,0.819647,0.692032,0.170438,0.968228,0.693998,0.647728,0.955,-2.0,0.557586,0.090142,0.139167,20,1,8,0.659728,1,0,SUCCESS
pair_632,693,427,692,427,1.0,1,0.736007,0.466576,0.13643,0.937522,0.602508,0.548982,0.935,0.5,0.435024,0.113958,0.207581,20,1,8,0.560982,0,1,SUCCESS
pair_633,133,480,133,480,0.0,1,0.785149,0.607298,0.163875,0.936207,0.655536,0.655536,0.94,-1.0,0.47507,0.180465,0.275294,20,0,0,0.655536,0,0,SUCCESS
pair_634,617,811,617,811,0.0,1,0.743033,0.58037,0.162021,0.901616,0.626015,0.626015,0.92,0.0,0.440149,0.185866,0.296903,20,0,0,0.626015,0,0,SUCCESS
pair_635,774,499,774,499,0.0,1,0.698979,0.545917,0.143179,0.958816,0.609174,0.609174,1.0,2.0,0.482505,0.12667,0.207937,20,0,0,0.609174,0,0,SUCCESS
pair_636,56,860,56,860,0.0,1,0.747769,0.472571,0.139309,0.953207,0.612125,0.612125,0.96,-2.0,0.480115,0.13201,0.215658,20,0,0,0.612125,0,0,SUCCESS
pair_637,729,537,729,537,0.0,1,0.879914,0.638843,0.157966,0.970924,0.705512,0.705512,1.02,-1.0,0.503378,0.202134,0.286507,20,0,0,0.705512,0,0,SUCCESS
pair_638,715,534,715,533,1.0,1,0.731688,0.388338,0.137578,0.926733,0.583205,0.583205,1.02,-1.0,0.474082,0.109123,0.18711,20,0,0,0.583205,0,0,SUCCESS
pair_639,251,518,251,518,0.0,1,0.778525,0.475552,0.147749,0.89104,0.614278,0.614278,1.06,0.0,0.480243,0.134035,0.2182,20,0,0,0.614278,0,0,SUCCESS
pair_640,738,215,738,215,0.0,1,0.74456,0.639051,0.164168,0.875839,0.633635,0.633635,1.0,0.0,0.49209,0.141545,0.223386,20,0,0,0.633635,0,0,SUCCESS
pair_641,203,465,202,464,1.4142,1,0.751393,0.512706,0.139801,0.973925,0.625843,0.625843,0.98,1.0,0.541319,0.084524,0.135057,20,0,0,0.625843,0,0,SUCCESS
pair_642,726,427,726,428,1.0,1,0.70275,0.459709,0.153587,0.95468,0.594695,0.594695,1.02,-2.0,0.47233,0.122365,0.20576,20,0,0,0.594695,0,0,SUCCESS
pair_643,120,704,120,704,0.0,1,0.712828,0.532534,0.152202,0.958569,0.613792,0.613792,0.96,2.0,0.490924,0.122868,0.200179,20,0,0,0.613792,0,0,SUCCESS
pair_644,833,281,834,281,1.0,1,0.71575,0.398473,0.130804,0.950134,0.582182,0.582182,0.92,-1.0,0.476566,0.105616,0.181414,20,0,0,0.582182,0,0,SUCCESS
pair_645,59,327,59,327,0.0,1,0.773912,0.579067,0.154271,0.93936,0.644104,0.595108,0.995,0.5,0.502668,0.09244,0.155333,20,1,8,0.607108,1,1,SUCCESS
pair_646,762,487,762,487,0.0,1,0.756819,0.46253,0.142383,0.942148,0.61214,0.61214,0.92,-1.0,0.459679,0.152461,0.249062,20,0,0,0.61214,0,0,SUCCESS
pair_647,480,609,480,609,0.0,1,0.846058,0.593549,0.153261,0.950366,0.677858,0.677858,1.08,0.0,0.525256,0.152602,0.225123,20,0,0,0.677858,0,0,SUCCESS
pair_648,134,68,134,68,0.0,1,0.725609,0.484538,0.143732,0.92311,0.600519,0.600519,1.02,1.0,0.460548,0.139971,0.233084,20,0,0,0.600519,0,0,SUCCESS
pair_649,128,84,129,84,1.0,1,0.725289,0.47711,0.142422,0.973581,0.608738,0.608738,0.98,-2.0,0.502742,0.105996,0.174125,20,0,0,0.608738,0,0,SUCCESS
pair_650,679,371,679,371,0.0,1,0.648756,0.464698,0.150703,0.894342,0.561451,0.515066,1.075,0.5,0.417789,0.097277,0.188863,20,1,8,0.527066,0,1,SUCCESS
pair_651,805,49,804,48,1.4142,1,0.669596,0.460725,0.147087,0.957021,0.580805,0.580805,0.96,2.0,0.48881,0.091995,0.158392,20,0,0,0.580805,0,0,SUCCESS
pair_652,270,56,270,56,0.0,1,0.858682,0.736794,0.168106,0.962869,0.717026,0.717026,1.0,-1.0,0.501241,0.215785,0.300945,20,0,0,0.717026,0,0,SUCCESS
pair_653,136,404,136,403,1.0,1,0.754523,0.510118,0.145489,0.972739,0.627478,0.627478,0.94,1.0,0.533086,0.094392,0.150431,20,0,0,0.627478,0,0,SUCCESS
pair_654,807,29,807,29,0.0,1,0.79732,0.616316,0.168833,0.964778,0.668913,0.668913,1.04,-2.0,0.50002,0.168894,0.252489,20,0,0,0.668913,0,0,SUCCESS
pair_655,163,866,163,866,0.0,1,0.850721,0.627401,0.154219,0.94579,0.68577,0.68577,0.96,0.0,0.485798,0.199972,0.291603,20,0,0,0.68577,0,0,SUCCESS
pair_656,561,707,560,706,1.4142,1,0.705221,0.445708,0.154359,0.928665,0.587834,0.587834,0.98,-1.0,0.493127,0.094707,0.161112,20,0,0,0.587834,0,0,SUCCESS
pair_657,285,783,286,783,1.0,1,0.684719,0.481232,0.152841,0.938883,0.588479,0.539002,1.065,1.5,0.455981,0.083021,0.154027,20,1,8,0.551002,0,1,SUCCESS
pair_658,196,736,196,735,1.0,1,0.71522,0.480777,0.143748,0.957782,0.602549,0.602549,0.94,-1.0,0.499027,0.103523,0.171808,20,0,0,0.602549,0,0,SUCCESS
pair_659,248,351,727,580,530.9256,0,0.724866,0.627601,0.170656,0.937349,0.637067,0.593869,0.915,0.0,0.589838,0.004031,0.006788,20,1,8,0.605869,1,0,CATASTROPHIC_WRONG_LOCATION|AMBIGUOUS|RECOVERY_USED
pair_660,22,405,22,406,1.0,1,0.782665,0.454847,0.140155,0.974873,0.627041,0.627041,1.06,-2.0,0.457176,0.169865,0.270899,20,0,0,0.627041,0,0,SUCCESS
pair_661,647,304,648,304,1.0,1,0.770188,0.520915,0.146054,0.964024,0.634274,0.634274,1.04,-1.0,0.52781,0.106464,0.167852,20,0,0,0.634274,0,0,SUCCESS
pair_662,526,81,526,81,0.0,1,0.738853,0.594924,0.158182,0.932429,0.632648,0.632648,1.02,-1.0,0.465288,0.16736,0.26454,20,0,0,0.632648,0,0,SUCCESS
pair_663,662,421,662,421,0.0,1,0.741084,0.499168,0.140655,0.960647,0.616528,0.616528,1.0,-1.0,0.446774,0.169753,0.275338,20,0,0,0.616528,0,0,SUCCESS
pair_664,502,158,503,159,1.4142,1,0.766587,0.471277,0.143571,0.965971,0.622799,0.622799,0.94,2.0,0.520394,0.102405,0.164427,20,0,0,0.622799,0,0,SUCCESS
pair_665,521,595,521,595,0.0,1,0.748964,0.600374,0.162101,0.917556,0.635592,0.59039,1.005,0.5,0.433213,0.157176,0.266225,20,1,8,0.60239,0,1,SUCCESS
pair_666,808,213,807,213,1.0,1,0.713838,0.466486,0.156867,0.920107,0.594227,0.594227,1.08,1.0,0.504322,0.089905,0.151297,20,0,0,0.594227,0,0,SUCCESS
pair_667,649,463,649,463,0.0,1,0.742662,0.623464,0.164057,0.904414,0.635452,0.635452,0.96,0.0,0.498186,0.137266,0.216013,20,0,0,0.635452,0,0,SUCCESS
pair_668,191,117,191,118,1.0,1,0.755362,0.39858,0.13597,0.955177,0.60009,0.60009,1.02,1.0,0.473064,0.127027,0.211679,20,0,0,0.60009,0,0,SUCCESS
pair_669,866,141,866,141,0.0,1,0.773377,0.556381,0.147924,0.928578,0.635927,0.635927,1.0,1.0,0.488656,0.147271,0.231585,20,0,0,0.635927,0,0,SUCCESS
pair_670,870,72,871,73,1.4142,1,0.764758,0.433456,0.137958,0.963943,0.612975,0.612975,0.9,-2.0,0.496925,0.11605,0.189322,20,0,0,0.612975,0,0,SUCCESS
pair_671,561,720,561,720,0.0,1,0.798329,0.594557,0.154739,0.948047,0.6588,0.6588,0.96,2.0,0.521137,0.137663,0.20896,20,0,0,0.6588,0,0,SUCCESS
pair_672,426,78,426,78,0.0,1,0.758916,0.633959,0.164429,0.921531,0.64755,0.64755,0.92,-1.0,0.464908,0.182642,0.28205,20,0,0,0.64755,0,0,SUCCESS
pair_673,525,718,525,718,0.0,1,0.807454,0.600383,0.159724,0.931872,0.661377,0.661377,0.98,0.0,0.5016,0.159777,0.241583,20,0,0,0.661377,0,0,SUCCESS
pair_674,133,831,133,831,0.0,1,0.82695,0.598621,0.15231,0.965606,0.674087,0.674087,0.92,2.0,0.496905,0.177182,0.262848,20,0,0,0.674087,0,0,SUCCESS
pair_675,410,798,411,799,1.4142,1,0.724338,0.406547,0.133323,0.960873,0.589884,0.589884,0.9,2.0,0.441903,0.147981,0.250864,20,0,0,0.589884,0,0,SUCCESS
pair_676,50,202,50,201,1.0,1,0.701178,0.464465,0.148774,0.941889,0.591497,0.591497,1.04,-1.0,0.490023,0.101474,0.171555,20,0,0,0.591497,0,0,SUCCESS
pair_677,273,100,273,100,0.0,1,0.769218,0.632309,0.164576,0.91009,0.649082,0.604961,0.955,0.0,0.437792,0.167169,0.27633,20,1,8,0.616961,0,1,SUCCESS
pair_678,609,754,609,754,0.0,1,0.742014,0.488789,0.143112,0.949284,0.613042,0.613042,0.92,1.0,0.422588,0.190454,0.31067,20,0,0,0.613042,0,0,SUCCESS
pair_679,48,860,48,860,0.0,1,0.740617,0.423416,0.13434,0.94805,0.597408,0.597408,0.98,1.0,0.476494,0.120914,0.202398,20,0,0,0.597408,0,0,SUCCESS
pair_680,221,680,221,680,0.0,1,0.810283,0.683588,0.173471,0.93194,0.681913,0.681913,0.92,0.0,0.478868,0.203044,0.297757,20,0,0,0.681913,0,0,SUCCESS
pair_681,408,542,408,542,0.0,1,0.783395,0.597984,0.149339,0.950026,0.652828,0.652828,1.0,-1.0,0.498666,0.154162,0.236145,20,0,0,0.652828,0,0,SUCCESS
pair_682,305,281,305,280,1.0,1,0.716137,0.446736,0.151776,0.9579,0.597737,0.597737,1.02,-2.0,0.491635,0.106102,0.177507,20,0,0,0.597737,0,0,SUCCESS
pair_683,199,445,199,445,0.0,1,0.787575,0.594916,0.15886,0.958463,0.657478,0.657478,1.06,1.0,0.475976,0.181501,0.276057,20,0,0,0.657478,0,0,SUCCESS
pair_684,899,670,899,671,1.0,1,0.657928,0.462851,0.142326,0.966794,0.577565,0.526588,0.925,-2.0,0.437077,0.089511,0.169983,20,1,8,0.538588,0,1,SUCCESS
pair_685,339,514,340,514,1.0,1,0.760981,0.46272,0.139664,0.964839,0.617837,0.617837,0.94,-2.0,0.493818,0.124018,0.20073,20,0,0,0.617837,0,0,SUCCESS
pair_686,167,297,167,297,0.0,1,0.78147,0.602737,0.15759,0.927187,0.650091,0.650091,0.96,0.0,0.487535,0.162556,0.250052,20,0,0,0.650091,0,0,SUCCESS
pair_687,869,680,870,680,1.0,1,0.722883,0.461381,0.145364,0.959025,0.602307,0.602307,1.04,-1.0,0.459574,0.142734,0.236978,20,0,0,0.602307,0,0,SUCCESS
pair_688,786,159,787,160,1.4142,1,0.801181,0.456921,0.145303,0.956687,0.632255,0.632255,1.04,1.0,0.521042,0.111213,0.175898,20,0,0,0.632255,0,0,SUCCESS
pair_689,272,302,272,302,0.0,1,0.78877,0.661584,0.166071,0.951217,0.671282,0.671282,0.98,1.0,0.481587,0.189696,0.282587,20,0,0,0.671282,0,0,SUCCESS
pair_690,401,110,401,110,0.0,1,0.785279,0.53383,0.141377,0.976775,0.644508,0.644508,0.92,-2.0,0.489638,0.15487,0.240292,20,0,0,0.644508,0,0,SUCCESS
pair_691,66,296,66,297,1.0,1,0.693435,0.478284,0.145756,0.921455,0.586473,0.536931,1.065,0.5,0.442655,0.094275,0.175582,20,1,8,0.548931,0,1,SUCCESS
pair_692,755,555,754,554,1.4142,1,0.758544,0.487957,0.154739,0.945602,0.621077,0.621077,1.04,1.0,0.485764,0.135313,0.217869,20,0,0,0.621077,0,0,SUCCESS
pair_693,676,403,676,403,0.0,1,0.738847,0.446291,0.137837,0.928079,0.59798,0.59798,1.04,0.0,0.526502,0.071478,0.119532,20,0,0,0.59798,0,0,SUCCESS
pair_694,277,6,277,6,0.0,1,0.816011,0.662286,0.162944,0.963374,0.684125,0.684125,0.98,2.0,0.501465,0.18266,0.266998,20,0,0,0.684125,0,0,SUCCESS
pair_695,19,477,20,478,1.4142,1,0.706194,0.481283,0.142557,0.953432,0.597932,0.597932,0.98,-1.0,0.463917,0.134015,0.224131,20,0,0,0.597932,0,0,SUCCESS
pair_696,701,56,701,56,0.0,1,0.821652,0.645879,0.169011,0.956942,0.683027,0.683027,1.02,1.0,0.52109,0.161937,0.237088,20,0,0,0.683027,0,0,SUCCESS
pair_697,50,864,50,863,1.0,1,0.726105,0.497008,0.151293,0.937081,0.607518,0.607518,1.08,0.0,0.480503,0.127015,0.209072,20,0,0,0.607518,0,0,SUCCESS
pair_698,330,207,330,207,0.0,1,0.757768,0.513023,0.153549,0.938485,0.624119,0.624119,1.04,1.0,0.469485,0.154633,0.247763,20,0,0,0.624119,0,0,SUCCESS
pair_699,737,366,737,366,0.0,1,0.790337,0.574308,0.149434,0.964231,0.653729,0.653729,1.04,1.0,0.489656,0.164074,0.250981,20,0,0,0.653729,0,0,SUCCESS
pair_700,446,14,446,14,0.0,1,0.771407,0.636557,0.177265,0.91968,0.655263,0.655263,1.06,0.0,0.467803,0.18746,0.286084,20,0,0,0.655263,0,0,SUCCESS
pair_701,257,641,257,641,0.0,1,0.758424,0.596209,0.161714,0.955982,0.64615,0.598326,1.035,2.0,0.467861,0.130465,0.218051,20,1,8,0.610326,0,1,SUCCESS
pair_702,500,245,500,245,0.0,1,0.810691,0.555911,0.150671,0.939139,0.653421,0.653421,1.02,1.0,0.604755,0.048665,0.074478,20,0,0,0.653421,0,0,SUCCESS
pair_703,121,301,122,301,1.0,1,0.723442,0.480795,0.145559,0.940684,0.602784,0.602784,0.92,1.0,0.489987,0.112797,0.187127,20,0,0,0.602784,0,0,SUCCESS
pair_704,88,76,89,76,1.0,1,0.694998,0.490808,0.150116,0.897245,0.585633,0.585633,1.06,0.0,0.466715,0.118918,0.203059,20,0,0,0.585633,0,0,SUCCESS
pair_705,312,891,311,891,1.0,1,0.736825,0.467897,0.150112,0.955257,0.609383,0.609383,0.96,-1.0,0.517063,0.09232,0.151497,20,0,0,0.609383,0,0,SUCCESS
pair_706,803,297,803,297,0.0,1,0.850852,0.643654,0.166143,0.943581,0.691016,0.641785,1.015,0.0,0.632832,0.008952,0.013949,20,1,8,0.653785,1,0,SUCCESS
pair_707,133,400,134,401,1.4142,1,0.710065,0.45219,0.154108,0.923401,0.589966,0.589966,0.94,1.0,0.476915,0.11305,0.191622,20,0,0,0.589966,0,0,SUCCESS
pair_708,705,237,705,237,0.0,1,0.75798,0.630991,0.17047,0.91431,0.646346,0.602805,1.055,0.0,0.438965,0.16384,0.271797,20,1,8,0.614805,0,1,SUCCESS
pair_709,98,528,98,528,0.0,1,0.798806,0.553143,0.159697,0.948837,0.651858,0.651858,0.92,1.0,0.59794,0.053918,0.082714,20,0,0,0.651858,0,0,SUCCESS
pair_710,334,393,334,393,0.0,1,0.824546,0.652202,0.159327,0.975682,0.68726,0.68726,0.92,2.0,0.50664,0.180621,0.262812,20,0,0,0.68726,0,0,SUCCESS
pair_711,631,394,631,394,0.0,1,0.804813,0.633177,0.160296,0.935223,0.667664,0.667664,0.98,0.0,0.51107,0.156594,0.23454,20,0,0,0.667664,0,0,SUCCESS
pair_712,674,629,674,629,0.0,1,0.781596,0.643941,0.16127,0.939783,0.661637,0.615829,0.945,0.0,0.442694,0.173135,0.281141,20,1,8,0.627829,0,1,SUCCESS
pair_713,192,506,192,506,0.0,1,0.860836,0.661102,0.172859,0.948746,0.700876,0.700876,1.0,0.0,0.504004,0.196872,0.280894,20,0,0,0.700876,0,0,SUCCESS
pair_714,728,450,728,451,1.0,1,0.687048,0.454177,0.145773,0.962659,0.587341,0.587341,1.06,-2.0,0.478855,0.108486,0.184707,20,0,0,0.587341,0,0,SUCCESS
pair_715,679,628,678,628,1.0,1,0.701944,0.48027,0.139354,0.958073,0.596317,0.596317,0.92,1.0,0.481735,0.114581,0.192149,20,0,0,0.596317,0,0,SUCCESS
pair_716,638,33,638,33,0.0,1,0.86647,0.750628,0.172857,0.958375,0.72296,0.72296,1.02,0.0,0.50164,0.22132,0.30613,20,0,0,0.72296,0,0,SUCCESS
pair_717,715,696,715,696,0.0,1,0.767369,0.624615,0.15934,0.925321,0.648803,0.648803,0.94,1.0,0.459931,0.188872,0.291109,20,0,0,0.648803,0,0,SUCCESS
pair_718,554,515,554,515,0.0,1,0.778194,0.615887,0.154663,0.959847,0.657357,0.608983,1.005,-2.0,0.463352,0.145631,0.239138,20,1,8,0.620983,0,1,SUCCESS
pair_719,219,493,219,493,0.0,1,0.773498,0.526496,0.155534,0.92321,0.630447,0.579713,0.985,-0.5,0.463346,0.116367,0.200733,20,1,8,0.591713,0,1,SUCCESS
pair_720,38,483,39,484,1.4142,1,0.700591,0.470625,0.144679,0.943769,0.592051,0.592051,0.96,-1.0,0.487371,0.10468,0.176809,20,0,0,0.592051,0,0,SUCCESS
pair_721,178,346,178,346,0.0,1,0.779143,0.533816,0.152815,0.94253,0.63749,0.585737,0.955,-1.5,0.485916,0.099822,0.170421,20,1,8,0.597737,0,1,SUCCESS
pair_722,815,163,815,164,1.0,1,0.700468,0.461291,0.142442,0.955991,0.592132,0.592132,0.96,1.0,0.501123,0.091009,0.153697,20,0,0,0.592132,0,0,SUCCESS
pair_723,498,764,498,764,0.0,1,0.816195,0.599957,0.156227,0.960645,0.669844,0.669844,0.92,-1.0,0.490291,0.179552,0.268051,20,0,0,0.669844,0,0,SUCCESS
pair_724,438,203,438,203,0.0,1,0.828915,0.457572,0.149251,0.950717,0.643074,0.643074,1.02,-1.0,0.488346,0.154728,0.240608,20,0,0,0.643074,0,0,SUCCESS
pair_725,787,528,787,529,1.0,1,0.777971,0.445929,0.13792,0.954764,0.618911,0.618911,0.94,-1.0,0.472486,0.146425,0.236584,20,0,0,0.618911,0,0,SUCCESS
pair_726,177,453,177,453,0.0,1,0.757156,0.651364,0.168329,0.885787,0.643958,0.643958,0.96,0.0,0.449546,0.194413,0.301903,20,0,0,0.643958,0,0,SUCCESS
pair_727,613,438,613,438,0.0,1,0.752823,0.582619,0.166177,0.911348,0.633158,0.587389,1.005,0.5,0.433881,0.153508,0.26134,20,1,8,0.599389,0,1,SUCCESS
pair_728,801,209,801,209,0.0,1,0.739458,0.620397,0.166463,0.936764,0.640508,0.640508,0.98,-2.0,0.496447,0.144061,0.224918,20,0,0,0.640508,0,0,SUCCESS
pair_729,281,165,281,165,0.0,1,0.803867,0.658671,0.162992,0.935038,0.672887,0.627025,1.035,0.5,0.477282,0.149743,0.238815,20,1,8,0.639025,0,1,SUCCESS
pair_730,104,563,104,563,0.0,1,0.740714,0.595782,0.151344,0.934537,0.632618,0.632618,0.92,1.0,0.488156,0.144462,0.228356,20,0,0,0.632618,0,0,SUCCESS
pair_731,781,34,782,35,1.4142,1,0.697993,0.464881,0.149014,0.958728,0.593722,0.593722,1.04,2.0,0.486435,0.107287,0.180702,20,0,0,0.593722,0,0,SUCCESS
pair_732,319,281,318,281,1.0,1,0.740402,0.45752,0.137725,0.971622,0.609534,0.609534,0.96,2.0,0.458099,0.151435,0.248444,20,0,0,0.609534,0,0,SUCCESS
pair_733,48,89,48,89,0.0,1,0.619765,0.465015,0.14728,0.946332,0.559632,0.511941,0.935,-1.5,0.433673,0.078268,0.152885,20,1,8,0.523941,0,1,SUCCESS
pair_734,699,861,700,861,1.0,1,0.707164,0.430507,0.140859,0.957709,0.588681,0.588681,0.98,2.0,0.477878,0.110803,0.188222,20,0,0,0.588681,0,0,SUCCESS
pair_735,526,651,526,651,0.0,1,0.778329,0.640033,0.161264,0.941763,0.659944,0.614004,1.015,1.5,0.448045,0.165959,0.270289,20,1,8,0.626004,0,1,SUCCESS
pair_736,664,567,664,567,0.0,1,0.710379,0.562954,0.159122,0.945361,0.617639,0.617639,1.04,2.0,0.569445,0.048194,0.07803,20,0,0,0.617639,0,0,SUCCESS
pair_737,245,695,245,695,0.0,1,0.800348,0.563856,0.148795,0.955634,0.653796,0.653796,1.06,1.0,0.47059,0.183206,0.280219,20,0,0,0.653796,0,0,SUCCESS
pair_738,130,255,129,255,1.0,1,0.801321,0.456526,0.146163,0.969491,0.634965,0.634965,1.04,2.0,0.487535,0.147429,0.232185,20,0,0,0.634965,0,0,SUCCESS
pair_739,314,231,314,231,0.0,1,0.861466,0.624855,0.149847,0.985146,0.696556,0.696556,0.98,2.0,0.490588,0.205967,0.295694,20,0,0,0.696556,0,0,SUCCESS
pair_740,780,530,780,530,0.0,1,0.785123,0.671432,0.169004,0.917354,0.665607,0.622505,0.945,-0.5,0.45802,0.164485,0.264232,20,1,8,0.634505,0,1,SUCCESS
pair_741,841,522,842,523,1.4142,1,0.725754,0.44823,0.137926,0.945513,0.596635,0.596635,0.98,-1.0,0.449857,0.146778,0.24601,20,0,0,0.596635,0,0,SUCCESS
pair_742,237,480,237,480,0.0,1,0.827683,0.54116,0.148682,0.973833,0.663808,0.663808,0.94,-2.0,0.487017,0.176791,0.266328,20,0,0,0.663808,0,0,SUCCESS
pair_743,710,600,710,600,0.0,1,0.701404,0.496205,0.153674,0.905543,0.591646,0.591646,1.06,0.0,0.465108,0.126538,0.213874,20,0,0,0.591646,0,0,SUCCESS
pair_744,270,383,270,383,0.0,1,0.774266,0.656946,0.167076,0.940486,0.662608,0.662608,1.04,-1.0,0.462355,0.200253,0.302219,20,0,0,0.662608,0,0,SUCCESS
pair_745,596,704,596,704,0.0,1,0.729369,0.618715,0.166359,0.894491,0.627661,0.585721,0.955,0.0,0.435066,0.150655,0.257213,20,1,8,0.597721,0,1,SUCCESS
pair_746,280,441,280,442,1.0,1,0.748314,0.460883,0.143591,0.958704,0.611961,0.611961,0.94,-1.0,0.496624,0.115337,0.188472,20,0,0,0.611961,0,0,SUCCESS
pair_747,99,676,99,676,0.0,1,0.779503,0.609707,0.163826,0.926948,0.651897,0.651897,0.98,0.0,0.487895,0.164003,0.251577,20,0,0,0.651897,0,0,SUCCESS
pair_748,774,223,774,222,1.0,1,0.726318,0.421014,0.138981,0.939034,0.590333,0.590333,1.02,1.0,0.490765,0.099568,0.168665,20,0,0,0.590333,0,0,SUCCESS
pair_749,365,604,365,603,1.0,1,0.763408,0.416968,0.139788,0.941311,0.604976,0.604976,1.04,1.0,0.497276,0.1077,0.178024,20,0,0,0.604976,0,0,SUCCESS
pair_750,138,296,138,296,0.0,1,0.858847,0.668008,0.160683,0.968811,0.703039,0.703039,1.04,0.0,0.534262,0.168777,0.240068,20,0,0,0.703039,0,0,SUCCESS
pair_751,591,539,591,539,0.0,1,0.74473,0.573549,0.158863,0.912502,0.626875,0.626875,0.94,0.0,0.448306,0.178568,0.284855,20,0,0,0.626875,0,0,SUCCESS
pair_752,115,754,115,754,0.0,1,0.766282,0.704617,0.163183,0.919631,0.663999,0.623094,0.995,0.0,0.44105,0.182044,0.292162,20,1,8,0.635094,0,1,SUCCESS
pair_753,396,62,397,62,1.0,1,0.71872,0.455126,0.147821,0.944158,0.596909,0.596909,1.04,-1.0,0.485198,0.11171,0.187148,20,0,0,0.596909,0,0,SUCCESS
pair_754,702,729,701,728,1.4142,1,0.706291,0.456702,0.140435,0.925536,0.587051,0.587051,1.02,1.0,0.457415,0.129636,0.220826,20,0,0,0.587051,0,0,SUCCESS
pair_755,265,438,265,438,0.0,1,0.833977,0.619957,0.14751,0.955163,0.678117,0.627033,0.995,-0.5,0.464605,0.162428,0.259043,20,1,8,0.639033,0,1,SUCCESS
pair_756,263,654,263,655,1.0,1,0.723859,0.441524,0.145185,0.958494,0.598584,0.598584,1.06,1.0,0.500038,0.098546,0.164631,20,0,0,0.598584,0,0,SUCCESS
pair_757,102,866,103,866,1.0,1,0.73204,0.445501,0.141196,0.962946,0.602745,0.602745,1.04,2.0,0.472761,0.129984,0.215654,20,0,0,0.602745,0,0,SUCCESS
pair_758,81,203,81,203,0.0,1,0.866996,0.713436,0.165901,0.972095,0.717085,0.717085,0.92,-1.0,0.494984,0.222101,0.309728,20,0,0,0.717085,0,0,SUCCESS
pair_759,249,710,249,710,0.0,1,0.795966,0.545888,0.156006,0.958917,0.650548,0.597899,1.055,-1.5,0.588651,0.009248,0.015468,20,1,8,0.609899,1,0,SUCCESS
pair_760,827,543,826,542,1.4142,1,0.741578,0.408881,0.137685,0.962375,0.598419,0.598419,0.94,-2.0,0.473896,0.124523,0.208087,20,0,0,0.598419,0,0,SUCCESS
pair_761,664,767,665,768,1.4142,1,0.68196,0.464617,0.148041,0.936905,0.582696,0.582696,0.92,1.0,0.486607,0.096089,0.164904,20,0,0,0.582696,0,0,SUCCESS
pair_762,456,109,456,109,0.0,1,0.818579,0.636663,0.162117,0.947787,0.676745,0.676745,0.98,-1.0,0.457011,0.219734,0.324692,20,0,0,0.676745,0,0,SUCCESS
pair_763,508,384,508,384,0.0,1,0.801292,0.630037,0.173059,0.896345,0.660405,0.660405,1.0,0.0,0.5192,0.141205,0.213816,20,0,0,0.660405,0,0,SUCCESS
pair_764,318,223,873,253,555.8102,0,0.765507,0.64204,0.192812,0.956253,0.664424,0.620078,1.0,0.0,0.614504,0.005575,0.00899,20,1,0,0.620078,1,0,CATASTROPHIC_WRONG_LOCATION|AMBIGUOUS|RECOVERY_USED
pair_765,435,18,434,18,1.0,1,0.682986,0.47085,0.14199,0.952577,0.586278,0.586278,1.04,1.0,0.520206,0.066072,0.112698,20,0,0,0.586278,0,0,SUCCESS
pair_766,544,835,545,835,1.0,1,0.701518,0.475853,0.148698,0.936414,0.5928,0.542131,1.065,-0.5,0.449825,0.092306,0.170265,20,1,8,0.554131,0,1,SUCCESS
pair_767,539,668,539,668,0.0,1,0.827588,0.639241,0.172298,0.936521,0.680647,0.680647,0.96,0.0,0.499634,0.181013,0.265943,20,0,0,0.680647,0,0,SUCCESS
pair_768,263,50,264,51,1.4142,1,0.7285,0.489915,0.150487,0.941637,0.607808,0.607808,1.0,-1.0,0.470305,0.137502,0.226227,20,0,0,0.607808,0,0,SUCCESS
pair_769,785,545,785,545,0.0,1,0.695953,0.584076,0.160729,0.915434,0.610429,0.5671,1.035,-1.0,0.460493,0.106606,0.187985,20,1,8,0.5791,0,1,SUCCESS
pair_770,172,294,172,294,0.0,1,0.81188,0.570949,0.150595,0.934461,0.655953,0.655953,1.02,1.0,0.481514,0.174439,0.265932,20,0,0,0.655953,0,0,SUCCESS
pair_771,753,340,753,341,1.0,1,0.721564,0.515548,0.156168,0.924885,0.607946,0.607946,0.98,0.0,0.499467,0.108479,0.178435,20,0,0,0.607946,0,0,SUCCESS
pair_772,278,391,278,391,0.0,1,0.78127,0.524855,0.146061,0.935322,0.633756,0.581472,0.915,-1.0,0.434353,0.147119,0.253011,20,1,8,0.593472,0,1,SUCCESS
pair_773,179,481,179,481,0.0,1,0.76994,0.645156,0.170485,0.947589,0.660622,0.615527,1.035,-1.0,0.437899,0.177628,0.288579,20,1,8,0.627527,0,1,SUCCESS
pair_774,374,797,374,797,0.0,1,0.79727,0.714537,0.168273,0.914991,0.678468,0.636996,1.005,0.0,0.456834,0.180162,0.28283,20,1,8,0.648996,0,1,SUCCESS
pair_775,320,49,320,49,0.0,1,0.797466,0.608665,0.151997,0.962584,0.663636,0.663636,1.0,-1.0,0.495962,0.167674,0.252659,20,0,0,0.663636,0,0,SUCCESS
pair_776,219,167,218,167,1.0,1,0.678369,0.462717,0.139421,0.952657,0.582307,0.582307,0.96,-1.0,0.480718,0.101589,0.17446,20,0,0,0.582307,0,0,SUCCESS
pair_777,203,141,403,756,646.7032,0,0.795867,0.667523,0.194371,0.945498,0.679825,0.635851,1.0,0.0,0.626846,0.009005,0.014162,20,1,0,0.635851,1,0,CATASTROPHIC_WRONG_LOCATION|AMBIGUOUS|RECOVERY_USED
pair_778,751,678,751,678,0.0,1,0.717416,0.630745,0.16277,0.916317,0.628933,0.586922,1.045,1.5,0.426299,0.160623,0.27367,20,1,8,0.598922,0,1,SUCCESS
pair_779,51,613,51,613,0.0,1,0.841789,0.648474,0.159747,0.966147,0.691589,0.691589,0.94,1.0,0.506414,0.185175,0.267753,20,0,0,0.691589,0,0,SUCCESS
pair_780,95,62,96,63,1.4142,1,0.728832,0.462642,0.150209,0.948118,0.603726,0.603726,0.98,1.0,0.483406,0.12032,0.199296,20,0,0,0.603726,0,0,SUCCESS
pair_781,339,386,340,387,1.4142,1,0.714553,0.490035,0.155121,0.899331,0.594719,0.594719,1.04,0.0,0.517879,0.07684,0.129203,20,0,0,0.594719,0,0,SUCCESS
pair_782,536,355,432,560,229.8717,0,0.73581,0.675435,0.186316,0.959282,0.658531,0.616864,1.0,0.0,0.611964,0.0049,0.007943,20,1,0,0.616864,1,0,LARGE_WRONG_LOCATION|AMBIGUOUS|RECOVERY_USED
pair_783,490,68,490,68,0.0,1,0.767897,0.589532,0.16052,0.932145,0.643598,0.596099,0.985,0.5,0.429954,0.166145,0.27872,20,1,8,0.608099,0,1,SUCCESS
pair_784,328,259,329,259,1.0,1,0.730371,0.479831,0.142793,0.956666,0.608006,0.608006,0.94,1.0,0.500259,0.107748,0.177215,20,0,0,0.608006,0,0,SUCCESS
pair_785,310,817,310,817,0.0,1,0.810479,0.637906,0.157656,0.972683,0.677841,0.677841,1.04,2.0,0.522565,0.155276,0.229074,20,0,0,0.677841,0,0,SUCCESS
pair_786,81,845,82,845,1.0,1,0.779267,0.473223,0.157068,0.956019,0.628969,0.628969,1.02,1.0,0.506134,0.122834,0.195295,20,0,0,0.628969,0,0,SUCCESS
pair_787,727,241,727,241,0.0,1,0.804156,0.617652,0.156122,0.951927,0.666802,0.666802,1.04,1.0,0.48416,0.182643,0.273909,20,0,0,0.666802,0,0,SUCCESS
pair_788,654,53,653,53,1.0,1,0.664039,0.46953,0.149667,0.959238,0.581303,0.581303,1.06,-2.0,0.46172,0.119582,0.205714,20,0,0,0.581303,0,0,SUCCESS
pair_789,706,695,706,695,0.0,1,0.802624,0.578411,0.156538,0.97482,0.663004,0.663004,1.04,-2.0,0.492292,0.170712,0.257482,20,0,0,0.663004,0,0,SUCCESS
pair_790,870,72,870,72,0.0,1,0.828122,0.60752,0.150693,0.969446,0.676781,0.624813,0.955,1.5,0.586343,0.03847,0.06157,20,1,8,0.636813,1,0,SUCCESS
pair_791,671,699,671,699,0.0,1,0.760546,0.660175,0.168699,0.936252,0.657244,0.657244,0.98,2.0,0.475146,0.182097,0.277062,20,0,0,0.657244,0,0,SUCCESS
pair_792,196,255,195,255,1.0,1,0.700515,0.488854,0.149268,0.928971,0.593624,0.593624,1.06,0.0,0.488423,0.105202,0.177219,20,0,0,0.593624,0,0,SUCCESS
pair_793,432,51,432,51,0.0,1,0.808178,0.564845,0.148114,0.954253,0.656714,0.60424,1.045,2.0,0.539341,0.064899,0.107407,20,1,8,0.61624,1,0,SUCCESS
pair_794,278,686,278,686,0.0,1,0.810282,0.66188,0.16938,0.944241,0.679213,0.63305,0.995,0.5,0.442314,0.190736,0.301297,20,1,8,0.64505,0,1,SUCCESS
pair_795,318,702,318,702,0.0,1,0.831667,0.664499,0.159995,0.976902,0.692946,0.692946,0.96,-2.0,0.501492,0.191453,0.276289,20,0,0,0.692946,0,0,SUCCESS
pair_796,676,649,675,649,1.0,1,0.748974,0.487143,0.153875,0.950706,0.617934,0.617934,1.06,1.0,0.48957,0.128364,0.207731,20,0,0,0.617934,0,0,SUCCESS
pair_797,681,265,682,266,1.4142,1,0.757074,0.4931,0.147283,0.953993,0.621705,0.621705,1.06,-1.0,0.50426,0.117445,0.188908,20,0,0,0.621705,0,0,SUCCESS
pair_798,282,460,282,460,0.0,1,0.749966,0.6327,0.156578,0.937517,0.645345,0.645345,0.98,1.0,0.464018,0.181328,0.280978,20,0,0,0.645345,0,0,SUCCESS
pair_799,719,312,719,312,0.0,1,0.865738,0.643522,0.153725,0.964968,0.698738,0.698738,1.06,-1.0,0.512465,0.186273,0.266585,20,0,0,0.698738,0,0,SUCCESS
pair_800,264,290,264,290,0.0,1,0.861388,0.690714,0.172005,0.963274,0.709754,0.709754,1.0,-1.0,0.529872,0.179882,0.253442,20,0,0,0.709754,0,0,SUCCESS
pair_801,694,642,694,642,0.0,1,0.695365,0.543987,0.162153,0.881385,0.595651,0.55212,0.965,0.0,0.411587,0.140533,0.254533,20,1,8,0.56412,0,1,SUCCESS
pair_802,661,700,661,700,0.0,1,0.825851,0.61332,0.16062,0.947954,0.674719,0.674719,1.04,0.0,0.648499,0.02622,0.038861,20,0,0,0.674719,0,0,SUCCESS
pair_803,302,388,302,388,0.0,1,0.742828,0.562604,0.156062,0.952,0.631265,0.631265,1.06,-2.0,0.483843,0.147422,0.233534,20,0,0,0.631265,0,0,SUCCESS
pair_804,473,358,473,358,0.0,1,0.837698,0.671743,0.160101,0.957375,0.692923,0.692923,1.06,1.0,0.488674,0.204249,0.294765,20,0,0,0.692923,0,0,SUCCESS
pair_805,819,198,819,198,0.0,1,0.836208,0.671504,0.169428,0.957878,0.694245,0.694245,1.06,1.0,0.558597,0.135648,0.19539,20,0,0,0.694245,0,0,SUCCESS
pair_806,680,435,680,434,1.0,1,0.781261,0.454341,0.146325,0.971242,0.626886,0.626886,1.06,1.0,0.528901,0.097985,0.156305,20,0,0,0.626886,0,0,SUCCESS
pair_807,347,757,347,757,0.0,1,0.77484,0.611835,0.168416,0.940051,0.653996,0.607264,1.015,1.0,0.428164,0.179101,0.29493,20,1,8,0.619264,0,1,SUCCESS
pair_808,713,159,713,159,0.0,1,0.719039,0.484749,0.153193,0.965019,0.608208,0.608208,0.94,2.0,0.485475,0.122733,0.201795,20,0,0,0.608208,0,0,SUCCESS
pair_809,558,757,558,757,0.0,1,0.767611,0.629715,0.162251,0.949363,0.65531,0.60906,0.965,1.5,0.437968,0.171092,0.280911,20,1,8,0.62106,0,1,SUCCESS
pair_810,885,628,885,628,0.0,1,0.836884,0.655816,0.168316,0.943531,0.688286,0.640472,0.945,0.0,0.635253,0.005218,0.008148,20,1,8,0.652472,1,0,SUCCESS
pair_811,135,414,134,413,1.4142,1,0.692766,0.435477,0.137166,0.963095,0.584254,0.584254,0.96,2.0,0.45985,0.124404,0.212928,20,0,0,0.584254,0,0,SUCCESS
pair_812,618,663,619,663,1.0,1,0.709746,0.446893,0.151351,0.932868,0.590121,0.590121,1.04,-1.0,0.498239,0.091882,0.1557,20,0,0,0.590121,0,0,SUCCESS
pair_813,96,680,96,680,0.0,1,0.807293,0.734213,0.175884,0.93151,0.691239,0.691239,0.96,0.0,0.494038,0.197201,0.285287,20,0,0,0.691239,0,0,SUCCESS
pair_814,525,756,525,756,0.0,1,0.732021,0.50471,0.140561,0.950286,0.61192,0.560068,0.965,-2.0,0.422528,0.13754,0.245577,20,1,8,0.572068,0,1,SUCCESS
pair_815,668,15,668,15,0.0,1,0.779358,0.587236,0.153669,0.968314,0.653587,0.653587,0.92,-2.0,0.48641,0.167177,0.255784,20,0,0,0.653587,0,0,SUCCESS
pair_816,713,172,713,172,0.0,1,0.702645,0.510989,0.143518,0.901144,0.592188,0.592188,0.92,0.0,0.478121,0.114068,0.19262,20,0,0,0.592188,0,0,SUCCESS
pair_817,537,649,537,649,0.0,1,0.861517,0.607246,0.155186,0.950873,0.687268,0.687268,1.06,-1.0,0.47458,0.212688,0.309469,20,0,0,0.687268,0,0,SUCCESS
pair_818,502,76,502,77,1.0,1,0.709009,0.482723,0.155893,0.941163,0.599559,0.599559,0.96,1.0,0.504732,0.094827,0.158161,20,0,0,0.599559,0,0,SUCCESS
pair_819,406,797,405,797,1.0,1,0.679766,0.449836,0.152901,0.9494,0.582334,0.582334,1.02,2.0,0.475195,0.107138,0.183981,20,0,0,0.582334,0,0,SUCCESS
pair_820,797,624,798,624,1.0,1,0.687076,0.459508,0.149472,0.936088,0.583844,0.583844,1.06,1.0,0.485855,0.097989,0.167834,20,0,0,0.583844,0,0,SUCCESS
pair_821,816,516,816,516,0.0,1,0.747417,0.606148,0.161929,0.928595,0.638301,0.592904,1.045,1.5,0.430956,0.161949,0.273145,20,1,8,0.604904,0,1,SUCCESS
pair_822,534,551,534,552,1.0,1,0.734558,0.475565,0.149637,0.953281,0.60952,0.60952,0.94,-1.0,0.495675,0.113845,0.186778,20,0,0,0.60952,0,0,SUCCESS
pair_823,439,76,439,76,0.0,1,0.809043,0.723656,0.167935,0.944921,0.69092,0.647801,1.005,-0.5,0.446979,0.200822,0.310005,20,1,8,0.659801,0,1,SUCCESS
pair_824,10,338,10,338,0.0,1,0.806058,0.668203,0.16356,0.956616,0.680099,0.633553,0.955,1.5,0.436292,0.197261,0.311357,20,1,8,0.645553,0,1,SUCCESS
pair_825,687,536,687,536,0.0,1,0.836439,0.602343,0.151825,0.945387,0.674487,0.674487,0.98,1.0,0.495614,0.178873,0.265199,20,0,0,0.674487,0,0,SUCCESS
pair_826,526,318,526,318,0.0,1,0.822621,0.634264,0.157742,0.971629,0.681776,0.681776,1.06,-1.0,0.471871,0.209904,0.307879,20,0,0,0.681776,0,0,SUCCESS
pair_827,263,473,262,473,1.0,1,0.691333,0.467634,0.14677,0.96544,0.592502,0.592502,1.02,-2.0,0.475728,0.116774,0.197086,20,0,0,0.592502,0,0,SUCCESS
pair_828,885,199,884,199,1.0,1,0.735163,0.483854,0.143319,0.949985,0.609497,0.609497,1.02,1.0,0.476165,0.133332,0.218758,20,0,0,0.609497,0,0,SUCCESS
pair_829,799,631,800,631,1.0,1,0.759432,0.462469,0.141008,0.943985,0.613265,0.613265,0.92,1.0,0.493904,0.119361,0.194633,20,0,0,0.613265,0,0,SUCCESS
pair_830,368,525,368,525,0.0,1,0.703297,0.645286,0.162491,0.881899,0.619254,0.619254,1.0,0.0,0.511068,0.108186,0.174704,20,0,0,0.619254,0,0,SUCCESS
pair_831,553,24,553,24,0.0,1,0.743249,0.454233,0.140159,0.959656,0.608109,0.608109,0.92,-2.0,0.535872,0.072237,0.11879,20,0,0,0.608109,0,0,SUCCESS
pair_832,862,639,862,639,0.0,1,0.74945,0.584295,0.164184,0.895814,0.628638,0.628638,1.02,0.0,0.490859,0.137779,0.219171,20,0,0,0.628638,0,0,SUCCESS
pair_833,282,297,282,296,1.0,1,0.670152,0.519072,0.154947,0.902846,0.583434,0.583434,0.96,0.0,0.452198,0.131236,0.224937,20,0,0,0.583434,0,0,SUCCESS
pair_834,555,154,555,154,0.0,1,0.809674,0.691464,0.172505,0.963562,0.689376,0.689376,1.06,-2.0,0.502512,0.186864,0.271062,20,0,0,0.689376,0,0,SUCCESS
pair_835,643,296,643,296,0.0,1,0.755207,0.52029,0.144231,0.966451,0.628277,0.628277,1.0,-2.0,0.474802,0.153475,0.24428,20,0,0,0.628277,0,0,SUCCESS
pair_836,773,811,774,811,1.0,1,0.756153,0.414136,0.137738,0.959379,0.604712,0.604712,1.02,1.0,0.467983,0.136728,0.226105,20,0,0,0.604712,0,0,SUCCESS
pair_837,121,707,120,706,1.4142,1,0.748587,0.436052,0.137889,0.941523,0.602528,0.602528,1.02,1.0,0.448023,0.154505,0.256428,20,0,0,0.602528,0,0,SUCCESS
pair_838,315,548,314,548,1.0,1,0.706575,0.450104,0.154963,0.94085,0.591813,0.591813,0.96,-1.0,0.478122,0.113691,0.192106,20,0,0,0.591813,0,0,SUCCESS
pair_839,282,654,282,654,0.0,1,0.852847,0.61737,0.152915,0.9612,0.687436,0.687436,1.06,-1.0,0.521543,0.165893,0.241322,20,0,0,0.687436,0,0,SUCCESS
pair_840,379,585,378,584,1.4142,1,0.756014,0.452027,0.138071,0.984511,0.617327,0.617327,1.06,-2.0,0.498868,0.118459,0.191891,20,0,0,0.617327,0,0,SUCCESS
pair_841,672,440,673,440,1.0,1,0.6821,0.459917,0.146118,0.955506,0.585148,0.585148,1.04,-1.0,0.491274,0.093874,0.160428,20,0,0,0.585148,0,0,SUCCESS
pair_842,25,380,25,379,1.0,1,0.736708,0.405669,0.138985,0.966381,0.59689,0.59689,1.02,-2.0,0.448537,0.148353,0.248543,20,0,0,0.59689,0,0,SUCCESS
pair_843,668,735,669,735,1.0,1,0.708016,0.46994,0.147377,0.964198,0.599509,0.599509,1.04,-2.0,0.470467,0.129043,0.215247,20,0,0,0.599509,0,0,SUCCESS
pair_844,14,194,14,194,0.0,1,0.786106,0.541368,0.153359,0.892659,0.63192,0.63192,1.08,0.0,0.490871,0.141049,0.223207,20,0,0,0.63192,0,0,SUCCESS
pair_845,542,462,542,462,0.0,1,0.878758,0.654213,0.154273,0.975044,0.708209,0.708209,1.02,-1.0,0.514065,0.194144,0.274133,20,0,0,0.708209,0,0,SUCCESS
pair_846,771,773,771,773,0.0,1,0.835274,0.69196,0.170343,0.951157,0.696802,0.696802,1.06,0.0,0.500088,0.196713,0.282309,20,0,0,0.696802,0,0,SUCCESS
pair_847,16,303,16,303,0.0,1,0.746967,0.603918,0.153883,0.957446,0.641836,0.641836,1.0,-2.0,0.480982,0.160854,0.250616,20,0,0,0.641836,0,0,SUCCESS
pair_848,708,490,709,490,1.0,1,0.703498,0.468762,0.146505,0.947312,0.593915,0.593915,0.98,-1.0,0.48751,0.106405,0.179159,20,0,0,0.593915,0,0,SUCCESS
pair_849,461,644,461,644,0.0,1,0.743143,0.485529,0.144403,0.918863,0.607016,0.607016,0.98,-1.0,0.430278,0.176739,0.291159,20,0,0,0.607016,0,0,SUCCESS
pair_850,578,685,578,685,0.0,1,0.799703,0.623416,0.158787,0.965238,0.66937,0.66937,1.06,-2.0,0.51818,0.15119,0.225869,20,0,0,0.66937,0,0,SUCCESS
pair_851,28,471,29,472,1.4142,1,0.711856,0.467653,0.141516,0.974515,0.601479,0.601479,0.98,-2.0,0.457324,0.144155,0.239668,20,0,0,0.601479,0,0,SUCCESS
pair_852,135,163,135,164,1.0,1,0.747478,0.463468,0.152082,0.965752,0.615252,0.615252,0.96,2.0,0.498523,0.116729,0.189725,20,0,0,0.615252,0,0,SUCCESS
pair_853,522,261,522,261,0.0,1,0.799335,0.640115,0.158521,0.947576,0.668976,0.668976,1.0,-1.0,0.493589,0.175387,0.262172,20,0,0,0.668976,0,0,SUCCESS
pair_854,358,369,359,369,1.0,1,0.74547,0.513084,0.14496,0.97053,0.623903,0.623903,0.94,-2.0,0.515483,0.10842,0.173777,20,0,0,0.623903,0,0,SUCCESS
pair_855,434,655,434,655,0.0,1,0.819923,0.670739,0.168196,0.961538,0.688064,0.688064,1.02,-2.0,0.475996,0.212068,0.30821,20,0,0,0.688064,0,0,SUCCESS
pair_856,280,129,280,129,0.0,1,0.775601,0.598296,0.153368,0.951117,0.650797,0.650797,0.96,1.0,0.595459,0.055337,0.08503,20,0,0,0.650797,0,0,SUCCESS
pair_857,650,842,650,842,0.0,1,0.773356,0.614662,0.159515,0.946408,0.65346,0.60618,0.965,-1.0,0.434423,0.171758,0.283344,20,1,8,0.61818,0,1,SUCCESS
pair_858,70,243,70,243,0.0,1,0.808185,0.668112,0.169187,0.955047,0.681743,0.681743,1.04,1.0,0.518098,0.163645,0.24004,20,0,0,0.681743,0,0,SUCCESS
pair_859,655,355,655,355,0.0,1,0.726361,0.438706,0.14166,0.963251,0.599268,0.599268,0.96,-2.0,0.512382,0.086886,0.144986,20,0,0,0.599268,0,0,SUCCESS
pair_860,183,133,561,240,392.8524,0,0.788468,0.689881,0.194883,0.966479,0.685636,0.642126,1.0,0.0,0.636289,0.005837,0.00909,20,1,0,0.642126,1,0,CATASTROPHIC_WRONG_LOCATION|AMBIGUOUS|RECOVERY_USED
pair_861,57,756,56,756,1.0,1,0.695095,0.454495,0.148637,0.935929,0.58585,0.58585,1.06,1.0,0.466962,0.118888,0.202932,20,0,0,0.58585,0,0,SUCCESS
pair_862,149,571,150,571,1.0,1,0.685247,0.532092,0.154475,0.910074,0.593427,0.593427,0.94,0.0,0.49633,0.097097,0.163621,20,0,0,0.593427,0,0,SUCCESS
pair_863,94,149,94,149,0.0,1,0.754566,0.642998,0.164119,0.905861,0.644422,0.644422,1.06,0.0,0.472796,0.171627,0.266326,20,0,0,0.644422,0,0,SUCCESS
pair_864,354,766,353,765,1.4142,1,0.727165,0.429912,0.13958,0.949963,0.594757,0.594757,1.02,-1.0,0.476444,0.118313,0.198926,20,0,0,0.594757,0,0,SUCCESS
pair_865,566,5,566,5,0.0,1,0.724802,0.595643,0.165577,0.918947,0.625954,0.581828,1.005,1.0,0.403873,0.177955,0.305855,20,1,8,0.593828,0,1,SUCCESS
pair_866,147,763,147,762,1.0,1,0.681487,0.47523,0.148721,0.940337,0.585453,0.585453,0.94,-1.0,0.479369,0.106084,0.181199,20,0,0,0.585453,0,0,SUCCESS
pair_867,638,116,638,116,0.0,1,0.758977,0.551228,0.154105,0.944408,0.633539,0.633539,0.92,-1.0,0.49639,0.137149,0.216481,20,0,0,0.633539,0,0,SUCCESS
pair_868,17,138,18,138,1.0,1,0.800791,0.472632,0.144739,0.978681,0.639527,0.639527,0.96,2.0,0.483052,0.156475,0.244673,20,0,0,0.639527,0,0,SUCCESS
pair_869,146,721,146,720,1.0,1,0.748575,0.484476,0.152317,0.959282,0.618645,0.618645,1.04,-1.0,0.496624,0.122021,0.197239,20,0,0,0.618645,0,0,SUCCESS
pair_870,576,140,577,140,1.0,1,0.748798,0.427182,0.13536,0.971612,0.60635,0.60635,0.94,-2.0,0.46355,0.142801,0.235508,20,0,0,0.60635,0,0,SUCCESS
pair_871,730,590,730,590,0.0,1,0.849172,0.60109,0.14849,0.96519,0.682623,0.682623,1.06,2.0,0.486651,0.195972,0.287087,20,0,0,0.682623,0,0,SUCCESS
pair_872,495,341,496,341,1.0,1,0.747242,0.429903,0.143918,0.967381,0.607137,0.607137,1.06,2.0,0.472153,0.134984,0.222329,20,0,0,0.607137,0,0,SUCCESS
pair_873,525,194,526,194,1.0,1,0.701734,0.503267,0.14703,0.911258,0.593005,0.593005,1.04,0.0,0.477549,0.115456,0.194696,20,0,0,0.593005,0,0,SUCCESS
pair_874,287,346,287,346,0.0,1,0.803318,0.638867,0.15954,0.968761,0.674761,0.674761,0.98,-2.0,0.507686,0.167075,0.247607,20,0,0,0.674761,0,0,SUCCESS
pair_875,318,143,319,143,1.0,1,0.721312,0.443379,0.141262,0.962469,0.597947,0.597947,1.04,2.0,0.483284,0.114663,0.191761,20,0,0,0.597947,0,0,SUCCESS
pair_876,252,28,252,28,0.0,1,0.796007,0.636892,0.166775,0.934693,0.666075,0.666075,1.04,-1.0,0.554244,0.111831,0.167896,20,0,0,0.666075,0,0,SUCCESS
pair_877,129,138,129,139,1.0,1,0.767313,0.524825,0.147536,0.957286,0.632855,0.632855,0.96,1.0,0.512765,0.12009,0.189759,20,0,0,0.632855,0,0,SUCCESS
pair_878,851,442,851,442,0.0,1,0.783203,0.550792,0.145698,0.915188,0.635617,0.585522,0.945,-0.5,0.420038,0.165483,0.282625,20,1,8,0.597522,0,1,SUCCESS
pair_879,478,368,478,368,0.0,1,0.756396,0.644601,0.160966,0.940787,0.651829,0.607248,0.965,-1.5,0.447706,0.159543,0.26273,20,1,8,0.619248,0,1,SUCCESS
pair_880,800,311,800,312,1.0,1,0.6706,0.4695,0.147716,0.959159,0.583515,0.583515,0.94,2.0,0.497012,0.086503,0.148245,20,0,0,0.583515,0,0,SUCCESS
pair_881,151,57,152,57,1.0,1,0.766407,0.534452,0.142219,0.965335,0.634964,0.634964,0.94,1.0,0.531131,0.103833,0.163525,20,0,0,0.634964,0,0,SUCCESS
pair_882,575,461,575,461,0.0,1,0.704199,0.526821,0.152765,0.925945,0.602786,0.602786,1.08,1.0,0.433145,0.16964,0.281427,20,0,0,0.602786,0,0,SUCCESS
pair_883,630,793,630,794,1.0,1,0.787358,0.468003,0.142172,0.953073,0.627593,0.627593,1.04,1.0,0.484537,0.143056,0.227944,20,0,0,0.627593,0,0,SUCCESS
pair_884,66,361,66,361,0.0,1,0.741025,0.605773,0.165734,0.928396,0.636391,0.591495,1.035,1.0,0.415314,0.176181,0.297857,20,1,8,0.603495,0,1,SUCCESS
pair_885,700,727,701,727,1.0,1,0.709613,0.470494,0.145989,0.956386,0.598419,0.598419,0.92,2.0,0.50446,0.093958,0.157011,20,0,0,0.598419,0,0,SUCCESS
pair_886,464,240,464,241,1.0,1,0.756836,0.500895,0.157402,0.957557,0.625905,0.625905,1.0,-1.0,0.535982,0.089923,0.143669,20,0,0,0.625905,0,0,SUCCESS
pair_887,681,844,681,844,0.0,1,0.831148,0.637162,0.152169,0.966012,0.683528,0.683528,1.02,-2.0,0.488897,0.194631,0.284745,20,0,0,0.683528,0,0,SUCCESS
pair_888,236,881,236,881,0.0,1,0.693374,0.525091,0.153616,0.934512,0.599993,0.599993,0.98,-1.0,0.44393,0.156064,0.260109,20,0,0,0.599993,0,0,SUCCESS
pair_889,395,874,395,874,0.0,1,0.74132,0.619159,0.160908,0.921042,0.63675,0.592635,1.035,-1.5,0.469626,0.123009,0.207563,20,1,8,0.604635,0,1,SUCCESS
pair_890,787,64,787,64,0.0,1,0.703693,0.531577,0.154788,0.942698,0.60729,0.60729,0.98,-2.0,0.451263,0.156027,0.256923,20,0,0,0.60729,0,0,SUCCESS
pair_891,541,147,542,147,1.0,1,0.670273,0.489064,0.145383,0.93791,0.58258,0.58258,0.96,1.0,0.472406,0.110174,0.189114,20,0,0,0.58258,0,0,SUCCESS
pair_892,431,371,432,371,1.0,1,0.725143,0.524976,0.149936,0.929081,0.610856,0.610856,0.98,0.0,0.496762,0.114094,0.186778,20,0,0,0.610856,0,0,SUCCESS
pair_893,374,734,374,735,1.0,1,0.673789,0.475863,0.147685,0.940096,0.582244,0.582244,1.0,-1.0,0.454542,0.127703,0.219328,20,0,0,0.582244,0,0,SUCCESS
pair_894,425,728,425,728,0.0,1,0.767013,0.635269,0.159441,0.934298,0.652607,0.652607,1.0,-1.0,0.474293,0.178314,0.273233,20,0,0,0.652607,0,0,SUCCESS
pair_895,551,332,551,332,0.0,1,0.860268,0.736086,0.183656,0.937982,0.715652,0.715652,1.02,0.0,0.557014,0.158638,0.221669,20,0,0,0.715652,0,0,SUCCESS
pair_896,766,121,767,122,1.4142,1,0.679975,0.468244,0.148288,0.944723,0.584241,0.584241,1.04,2.0,0.463049,0.121192,0.207435,20,0,0,0.584241,0,0,SUCCESS
pair_897,34,173,34,174,1.0,1,0.692751,0.483657,0.151723,0.917104,0.587597,0.587597,0.94,0.0,0.480455,0.107143,0.18234,20,0,0,0.587597,0,0,SUCCESS
pair_898,530,352,530,352,0.0,1,0.755161,0.615284,0.163673,0.924362,0.642728,0.5977,1.045,-0.5,0.438236,0.159464,0.266797,20,1,8,0.6097,0,1,SUCCESS
pair_899,479,776,479,776,0.0,1,0.747192,0.551074,0.156695,0.92585,0.625601,0.625601,1.04,-1.0,0.490424,0.135177,0.216076,20,0,0,0.625601,0,0,SUCCESS
pair_900,534,443,534,443,0.0,1,0.778653,0.693185,0.16537,0.946395,0.672451,0.672451,0.92,-2.0,0.476594,0.195858,0.291259,20,0,0,0.672451,0,0,SUCCESS
pair_901,458,664,458,664,0.0,1,0.784844,0.586618,0.146802,0.933559,0.647334,0.598084,1.015,0.5,0.444856,0.153229,0.256199,20,1,8,0.610084,0,1,SUCCESS
pair_902,227,783,227,783,0.0,1,0.799085,0.561502,0.154061,0.933142,0.649375,0.649375,1.08,1.0,0.490208,0.159167,0.245108,20,0,0,0.649375,0,0,SUCCESS
pair_903,32,708,33,709,1.4142,1,0.685791,0.474869,0.144764,0.968218,0.591887,0.591887,0.98,2.0,0.491792,0.100094,0.169111,20,0,0,0.591887,0,0,SUCCESS
pair_904,543,535,543,535,0.0,1,0.822725,0.691309,0.171659,0.965634,0.694811,0.694811,0.94,1.0,0.492073,0.202738,0.291789,20,0,0,0.694811,0,0,SUCCESS
pair_905,854,60,854,60,0.0,1,0.800388,0.651036,0.174329,0.945586,0.674345,0.628315,1.005,-1.0,0.431242,0.197073,0.313653,20,1,8,0.640315,0,1,SUCCESS
pair_906,68,493,69,494,1.4142,1,0.596246,0.440803,0.153502,0.90597,0.538554,0.493158,1.055,-1.0,0.445011,0.048147,0.097629,20,1,8,0.505158,0,1,SUCCESS
pair_907,870,818,870,818,0.0,1,0.840728,0.674732,0.169025,0.925111,0.690065,0.643961,0.945,0.0,0.478155,0.165806,0.257478,20,1,8,0.655961,0,1,SUCCESS
pair_908,550,225,549,224,1.4142,1,0.734078,0.401359,0.144791,0.923835,0.587629,0.587629,1.02,1.0,0.470754,0.116875,0.198892,20,0,0,0.587629,0,0,SUCCESS
pair_909,161,701,161,701,0.0,1,0.821006,0.663904,0.160152,0.957032,0.68462,0.636921,0.985,-0.5,0.451912,0.185009,0.290473,20,1,8,0.648921,0,1,SUCCESS
pair_910,765,283,765,283,0.0,1,0.779752,0.695422,0.170947,0.941651,0.673505,0.673505,1.06,1.0,0.466339,0.207166,0.307593,20,0,0,0.673505,0,0,SUCCESS
pair_911,238,194,238,194,0.0,1,0.78943,0.597515,0.152191,0.927038,0.651121,0.651121,1.0,1.0,0.534477,0.116643,0.179142,20,0,0,0.651121,0,0,SUCCESS
pair_912,55,673,55,673,0.0,1,0.797543,0.696636,0.167713,0.932278,0.678343,0.678343,1.06,-1.0,0.482446,0.195897,0.288787,20,0,0,0.678343,0,0,SUCCESS
pair_913,82,571,82,571,0.0,1,0.800819,0.480139,0.147911,0.934731,0.632884,0.632884,1.04,1.0,0.485048,0.147836,0.233591,20,0,0,0.632884,0,0,SUCCESS
pair_914,552,761,552,761,0.0,1,0.758778,0.673572,0.165795,0.931109,0.657606,0.61508,0.985,-1.5,0.470578,0.144503,0.234933,20,1,8,0.62708,0,1,SUCCESS
pair_915,659,526,659,527,1.0,1,0.706809,0.470631,0.142356,0.95093,0.595507,0.595507,0.98,1.0,0.514598,0.080909,0.135865,20,0,0,0.595507,0,0,SUCCESS
pair_916,809,107,809,107,0.0,1,0.849639,0.684024,0.181162,0.94179,0.701251,0.654939,1.015,0.0,0.494839,0.1601,0.24445,20,1,8,0.666939,0,1,SUCCESS
pair_917,195,103,195,103,0.0,1,0.713559,0.49638,0.143252,0.937165,0.600783,0.600783,0.92,-1.0,0.436731,0.164052,0.273064,20,0,0,0.600783,0,0,SUCCESS
pair_918,590,15,590,16,1.0,1,0.736205,0.475256,0.146228,0.971503,0.61308,0.61308,0.94,-2.0,0.467827,0.145253,0.236924,20,0,0,0.61308,0,0,SUCCESS
pair_919,22,628,22,629,1.0,1,0.677541,0.469972,0.144072,0.927213,0.579268,0.529732,1.065,-0.5,0.469107,0.060625,0.114444,20,1,8,0.541732,0,1,SUCCESS
pair_920,590,470,590,470,0.0,1,0.78554,0.6326,0.166841,0.957494,0.665603,0.618423,0.995,-1.0,0.430558,0.187866,0.303782,20,1,8,0.630423,0,1,SUCCESS
pair_921,428,732,428,732,0.0,1,0.708597,0.484744,0.146146,0.950216,0.59966,0.59966,0.92,-2.0,0.496173,0.103487,0.172577,20,0,0,0.59966,0,0,SUCCESS
pair_922,764,653,764,653,0.0,1,0.79139,0.601178,0.149897,0.922048,0.651181,0.651181,1.02,0.0,0.502703,0.148478,0.228013,20,0,0,0.651181,0,0,SUCCESS
pair_923,564,297,564,297,0.0,1,0.80973,0.612823,0.162532,0.949247,0.668813,0.668813,1.02,1.0,0.491903,0.176909,0.264512,20,0,0,0.668813,0,0,SUCCESS
pair_924,269,337,269,337,0.0,1,0.797904,0.643724,0.16288,0.956348,0.671752,0.62437,0.995,1.5,0.432263,0.192107,0.307682,20,1,8,0.63637,0,1,SUCCESS
pair_925,215,570,215,571,1.0,1,0.739657,0.496392,0.148665,0.958434,0.616561,0.616561,0.96,-1.0,0.49513,0.121431,0.196949,20,0,0,0.616561,0,0,SUCCESS
pair_926,194,628,194,628,0.0,1,0.798445,0.643729,0.168651,0.932753,0.668405,0.668405,1.04,0.0,0.599408,0.068997,0.103226,20,0,0,0.668405,0,0,SUCCESS
pair_927,852,373,852,373,0.0,1,0.731407,0.380477,0.138931,0.968721,0.590189,0.590189,1.02,-2.0,0.491715,0.098474,0.166852,20,0,0,0.590189,0,0,SUCCESS
pair_928,161,95,161,95,0.0,1,0.750806,0.585285,0.162329,0.92901,0.635647,0.635647,1.04,1.0,0.458519,0.177128,0.278658,20,0,0,0.635647,0,0,SUCCESS
pair_929,567,149,567,149,0.0,1,0.780009,0.618739,0.157475,0.928423,0.652931,0.652931,1.02,0.0,0.478482,0.174449,0.267178,20,0,0,0.652931,0,0,SUCCESS
pair_930,236,158,236,158,0.0,1,0.749247,0.560736,0.15237,0.93328,0.628976,0.628976,1.02,-1.0,0.467167,0.161809,0.257258,20,0,0,0.628976,0,0,SUCCESS
pair_931,148,540,148,540,0.0,1,0.765901,0.503505,0.139907,0.915006,0.618044,0.618044,1.06,0.0,0.458533,0.159511,0.258091,20,0,0,0.618044,0,0,SUCCESS
pair_932,599,863,600,864,1.4142,1,0.673905,0.507264,0.150312,0.934223,0.587922,0.587922,1.0,1.0,0.449782,0.13814,0.234963,20,0,0,0.587922,0,0,SUCCESS
pair_933,596,135,596,135,0.0,1,0.806812,0.623471,0.155988,0.960031,0.670623,0.670623,0.98,-1.0,0.48464,0.185982,0.277328,20,0,0,0.670623,0,0,SUCCESS
pair_934,463,49,463,49,0.0,1,0.836567,0.595487,0.144946,0.96944,0.676601,0.623323,1.025,-1.5,0.601719,0.021603,0.034659,20,1,8,0.635323,1,0,SUCCESS
pair_935,188,27,188,26,1.0,1,0.722324,0.525581,0.155498,0.95916,0.616977,0.616977,1.04,-2.0,0.490736,0.126241,0.204612,20,0,0,0.616977,0,0,SUCCESS
pair_936,381,700,381,700,0.0,1,0.78654,0.724718,0.1674,0.922063,0.677452,0.677452,0.98,0.0,0.485539,0.191913,0.283287,20,0,0,0.677452,0,0,SUCCESS
pair_937,85,17,85,17,0.0,1,0.785244,0.534327,0.148172,0.934203,0.637438,0.585591,1.005,-0.5,0.428286,0.157305,0.268626,20,1,8,0.597591,0,1,SUCCESS
pair_938,262,369,262,369,0.0,1,0.745579,0.542177,0.154191,0.946128,0.626731,0.626731,1.06,1.0,0.484465,0.142266,0.226997,20,0,0,0.626731,0,0,SUCCESS
pair_939,421,457,422,458,1.4142,1,0.728318,0.390754,0.135241,0.968617,0.59025,0.59025,0.98,-2.0,0.477353,0.112897,0.191269,20,0,0,0.59025,0,0,SUCCESS
pair_940,647,126,648,127,1.4142,1,0.697413,0.444059,0.148569,0.940793,0.585649,0.585649,0.98,-1.0,0.475029,0.110621,0.188886,20,0,0,0.585649,0,0,SUCCESS
pair_941,223,433,224,434,1.4142,1,0.754021,0.411649,0.136382,0.945351,0.600285,0.600285,1.04,-1.0,0.480233,0.120052,0.199992,20,0,0,0.600285,0,0,SUCCESS
pair_942,14,720,14,720,0.0,1,0.732713,0.641481,0.160614,0.902171,0.633938,0.633938,0.98,1.0,0.497191,0.136747,0.215711,20,0,0,0.633938,0,0,SUCCESS
pair_943,555,375,554,374,1.4142,1,0.725678,0.386811,0.140261,0.922129,0.580111,0.580111,1.02,-1.0,0.445424,0.134688,0.232176,20,0,0,0.580111,0,0,SUCCESS
pair_944,713,357,712,357,1.0,1,0.714998,0.462984,0.148832,0.966484,0.601659,0.601659,0.94,2.0,0.505586,0.096073,0.15968,20,0,0,0.601659,0,0,SUCCESS
pair_945,733,839,733,839,0.0,1,0.750935,0.626438,0.165576,0.939372,0.646651,0.601737,1.055,1.5,0.42666,0.175077,0.290952,20,1,8,0.613737,0,1,SUCCESS
pair_946,5,99,5,99,0.0,1,0.741475,0.590648,0.158958,0.938733,0.634258,0.634258,0.98,1.0,0.463457,0.170801,0.269292,20,0,0,0.634258,0,0,SUCCESS
pair_947,810,289,810,289,0.0,1,0.801163,0.649961,0.170798,0.928437,0.670305,0.670305,1.02,0.0,0.492828,0.177477,0.26477,20,0,0,0.670305,0,0,SUCCESS
pair_948,512,66,512,66,0.0,1,0.879714,0.753124,0.175146,0.971427,0.731825,0.731825,1.02,2.0,0.535049,0.196775,0.268883,20,0,0,0.731825,0,0,SUCCESS
pair_949,159,240,159,240,0.0,1,0.869736,0.730802,0.169858,0.9501,0.718046,0.718046,1.04,0.0,0.526966,0.191081,0.266112,20,0,0,0.718046,0,0,SUCCESS
pair_950,725,204,725,205,1.0,1,0.785402,0.41607,0.140861,0.982029,0.621953,0.621953,0.98,2.0,0.502517,0.119436,0.192034,20,0,0,0.621953,0,0,SUCCESS
pair_951,779,164,779,164,0.0,1,0.720314,0.522912,0.145393,0.917813,0.605349,0.556858,1.015,-1.0,0.433988,0.12287,0.220649,20,1,8,0.568858,0,1,SUCCESS
pair_952,683,765,869,880,218.6801,0,0.771434,0.635724,0.163643,0.967533,0.661954,0.614974,1.095,0.0,0.603695,0.011279,0.01834,20,1,8,0.626974,1,0,LARGE_WRONG_LOCATION|AMBIGUOUS|RECOVERY_USED
pair_953,81,730,81,730,0.0,1,0.850239,0.757545,0.174304,0.964084,0.719282,0.719282,1.0,2.0,0.525138,0.194144,0.269913,20,0,0,0.719282,0,0,SUCCESS
pair_954,219,207,220,208,1.4142,1,0.748771,0.427961,0.141133,0.911983,0.595724,0.541141,1.055,0.5,0.422102,0.119038,0.219977,20,1,8,0.553141,0,1,SUCCESS
pair_955,662,394,662,394,0.0,1,0.810844,0.586005,0.147835,0.971499,0.665405,0.665405,0.98,-2.0,0.532677,0.132729,0.19947,20,0,0,0.665405,0,0,SUCCESS
pair_956,171,215,171,215,0.0,1,0.829742,0.684031,0.168514,0.943763,0.691158,0.691158,0.98,0.0,0.506537,0.184621,0.267119,20,0,0,0.691158,0,0,SUCCESS
pair_957,28,451,28,451,0.0,1,0.764597,0.644626,0.167181,0.940121,0.656224,0.656224,0.98,2.0,0.600843,0.055381,0.084394,20,0,0,0.656224,0,0,SUCCESS
pair_958,235,11,235,11,0.0,1,0.788088,0.5708,0.15181,0.94735,0.649227,0.649227,0.98,0.0,0.496383,0.152844,0.235425,20,0,0,0.649227,0,0,SUCCESS
pair_959,47,621,47,621,0.0,1,0.750986,0.526211,0.142478,0.916495,0.617431,0.567492,1.005,0.5,0.402398,0.165094,0.290919,20,1,8,0.579492,0,1,SUCCESS
pair_960,451,117,451,118,1.0,1,0.724965,0.410803,0.139862,0.968085,0.593736,0.593736,0.92,-2.0,0.48502,0.108716,0.183104,20,0,0,0.593736,0,0,SUCCESS
pair_961,771,379,771,379,0.0,1,0.861622,0.587334,0.149211,0.976399,0.687238,0.687238,1.06,-2.0,0.497136,0.190102,0.276617,20,0,0,0.687238,0,0,SUCCESS
pair_962,566,211,566,211,0.0,1,0.786175,0.629882,0.164188,0.9505,0.663384,0.663384,0.98,1.0,0.502639,0.160745,0.242311,20,0,0,0.663384,0,0,SUCCESS
pair_963,15,469,15,469,0.0,1,0.779519,0.610143,0.157938,0.963489,0.658122,0.658122,0.96,2.0,0.490282,0.16784,0.255028,20,0,0,0.658122,0,0,SUCCESS
pair_964,49,98,49,98,0.0,1,0.742323,0.577709,0.164903,0.921583,0.629768,0.583704,1.015,-0.5,0.42315,0.160554,0.27506,20,1,8,0.595704,0,1,SUCCESS
pair_965,373,645,373,645,0.0,1,0.851986,0.631321,0.161304,0.975117,0.694343,0.694343,0.98,-1.0,0.545757,0.148586,0.213995,20,0,0,0.694343,0,0,SUCCESS
pair_966,869,251,869,251,0.0,1,0.732796,0.576072,0.159293,0.94112,0.628415,0.628415,0.98,2.0,0.474056,0.15436,0.245633,20,0,0,0.628415,0,0,SUCCESS
pair_967,45,827,45,827,0.0,1,0.765598,0.653507,0.163853,0.935687,0.656848,0.656848,0.96,-1.0,0.509595,0.147253,0.224182,20,0,0,0.656848,0,0,SUCCESS
pair_968,375,521,376,521,1.0,1,0.723045,0.483282,0.145109,0.957091,0.606314,0.606314,1.02,1.0,0.47562,0.130694,0.215555,20,0,0,0.606314,0,0,SUCCESS
pair_969,612,760,612,760,0.0,1,0.818394,0.655465,0.16741,0.951264,0.682185,0.682185,1.02,1.0,0.475494,0.206692,0.302985,20,0,0,0.682185,0,0,SUCCESS
pair_970,724,326,724,326,0.0,1,0.829178,0.592505,0.162263,0.960725,0.67477,0.67477,1.06,0.0,0.517984,0.156786,0.232354,20,0,0,0.67477,0,0,SUCCESS
pair_971,388,147,389,147,1.0,1,0.684057,0.469996,0.144815,0.952591,0.587103,0.587103,1.04,-2.0,0.483432,0.103671,0.176581,20,0,0,0.587103,0,0,SUCCESS
pair_972,444,263,444,263,0.0,1,0.792581,0.611741,0.1531,0.959255,0.661852,0.661852,1.02,-1.0,0.472684,0.189168,0.285816,20,0,0,0.661852,0,0,SUCCESS
pair_973,773,464,773,464,0.0,1,0.742186,0.416637,0.134945,0.978564,0.602904,0.602904,1.02,-2.0,0.494718,0.108186,0.179442,20,0,0,0.602904,0,0,SUCCESS
pair_974,513,876,513,876,0.0,1,0.75837,0.617008,0.164733,0.936894,0.647075,0.601399,0.945,-0.5,0.419363,0.182036,0.302688,20,1,8,0.613399,0,1,SUCCESS
pair_975,504,668,504,668,0.0,1,0.840253,0.578909,0.155365,0.974897,0.677935,0.677935,0.94,-2.0,0.53728,0.140656,0.207477,20,0,0,0.677935,0,0,SUCCESS
pair_976,451,562,451,562,0.0,1,0.825996,0.661383,0.165798,0.958134,0.687462,0.687462,0.92,1.0,0.499921,0.187541,0.272802,20,0,0,0.687462,0,0,SUCCESS
pair_977,519,433,519,433,0.0,1,0.784136,0.634829,0.169341,0.936549,0.661798,0.661798,0.92,1.0,0.505424,0.156374,0.236287,20,0,0,0.661798,0,0,SUCCESS
pair_978,561,816,561,816,0.0,1,0.811503,0.666306,0.163586,0.959858,0.682551,0.635478,0.915,-1.5,0.453048,0.18243,0.287075,20,1,8,0.647478,0,1,SUCCESS
pair_979,378,292,378,292,0.0,1,0.838248,0.595136,0.154124,0.943888,0.673929,0.622285,1.005,0.5,0.464971,0.157314,0.2528,20,1,8,0.634285,0,1,SUCCESS
pair_980,641,177,641,176,1.0,1,0.723559,0.423141,0.139998,0.909003,0.583852,0.583852,1.04,0.0,0.475319,0.108533,0.185892,20,0,0,0.583852,0,0,SUCCESS
pair_981,764,100,764,100,0.0,1,0.811435,0.619604,0.158924,0.981951,0.67667,0.625927,1.045,-2.0,0.624959,0.000968,0.001546,20,1,8,0.637927,1,0,SUCCESS
pair_982,228,242,228,242,0.0,1,0.786996,0.48182,0.141255,0.954074,0.630228,0.574329,0.945,1.0,0.557281,0.017048,0.029683,20,1,8,0.586329,1,0,SUCCESS
pair_983,96,420,96,420,0.0,1,0.739232,0.501369,0.141487,0.94931,0.614126,0.614126,1.02,-2.0,0.482576,0.13155,0.214207,20,0,0,0.614126,0,0,SUCCESS
pair_984,237,772,237,772,0.0,1,0.814413,0.710571,0.172936,0.955204,0.693507,0.649202,0.945,-1.5,0.611044,0.038158,0.058777,20,1,8,0.661202,1,0,SUCCESS
pair_985,544,283,543,283,1.0,1,0.702268,0.491529,0.149653,0.938574,0.596858,0.596858,1.04,-1.0,0.475076,0.121782,0.204038,20,0,0,0.596858,0,0,SUCCESS
pair_986,545,55,545,55,0.0,1,0.825437,0.637149,0.158443,0.956368,0.680567,0.680567,0.98,1.0,0.469019,0.211548,0.310841,20,0,0,0.680567,0,0,SUCCESS
pair_987,86,361,86,361,0.0,1,0.780475,0.626114,0.159183,0.909407,0.651131,0.651131,0.94,0.0,0.485098,0.166033,0.254992,20,0,0,0.651131,0,0,SUCCESS
pair_988,778,550,778,550,0.0,1,0.764732,0.600661,0.156319,0.945763,0.646442,0.598766,0.965,-1.5,0.425931,0.172835,0.288651,20,1,8,0.610766,0,1,SUCCESS
pair_989,850,16,850,16,0.0,1,0.781438,0.639316,0.167883,0.95378,0.664771,0.61837,0.995,1.5,0.444343,0.174027,0.281428,20,1,8,0.63037,0,1,SUCCESS
pair_990,344,440,345,441,1.4142,1,0.687685,0.463596,0.150616,0.958128,0.589542,0.589542,0.94,2.0,0.472971,0.116571,0.197732,20,0,0,0.589542,0,0,SUCCESS
pair_991,589,747,590,747,1.0,1,0.716045,0.471968,0.144697,0.951037,0.599959,0.599959,1.04,1.0,0.489614,0.110345,0.18392,20,0,0,0.599959,0,0,SUCCESS
pair_992,650,29,649,28,1.4142,1,0.759119,0.433731,0.139315,0.959238,0.610104,0.610104,1.06,-1.0,0.478648,0.131456,0.215465,20,0,0,0.610104,0,0,SUCCESS
pair_993,834,313,834,312,1.0,1,0.726598,0.441744,0.138649,0.943859,0.59549,0.59549,1.06,-1.0,0.500564,0.094926,0.159407,20,0,0,0.59549,0,0,SUCCESS
pair_994,362,214,362,213,1.0,1,0.717174,0.426087,0.139004,0.948032,0.589494,0.589494,1.06,1.0,0.458261,0.131233,0.222619,20,0,0,0.589494,0,0,SUCCESS
pair_995,611,556,612,556,1.0,1,0.628246,0.47195,0.155014,0.926057,0.561902,0.515535,0.925,1.5,0.436878,0.078658,0.152575,20,1,8,0.527535,0,1,SUCCESS
pair_996,669,850,669,850,0.0,1,0.804978,0.626907,0.162468,0.962012,0.672269,0.672269,0.96,-2.0,0.512088,0.160181,0.238269,20,0,0,0.672269,0,0,SUCCESS
pair_997,277,779,277,780,1.0,1,0.756716,0.428779,0.141955,0.946987,0.606231,0.606231,1.04,1.0,0.472495,0.133736,0.220602,20,0,0,0.606231,0,0,SUCCESS
pair_998,342,686,342,686,0.0,1,0.774663,0.632627,0.160148,0.912884,0.650997,0.606258,0.965,0.0,0.443328,0.16293,0.268747,20,1,8,0.618258,0,1,SUCCESS
pair_999,371,421,371,421,0.0,1,0.77114,0.532542,0.140573,0.928327,0.628744,0.577427,0.995,0.5,0.476588,0.100838,0.174634,20,1,8,0.589427,0,1,SUCCESS
